id,title,url,published_at,pos_score,neutral_score,neg_score,company_name,label
4646679,Microsoft beats Amazon for Pentagon's $10 bln cloud computing contract,https://www.reuters.com/article/us-pentagon-jedi/microsoft-beats-amazon-for-pentagons-10-bln-cloud-computing-contract-idUSKBN1X42IU?feedType=RSS&feedName=topNews,2019-10-26 0:00:00,0.753788,0.158152,0.08806,Microsoft,relevant
3489239,House Votes to Expand Legal Safeguards for LGBTQ People,https://www.newsmax.com/newsfront/Congress-Equality-Act/2021/02/25/id/1011574,2021-02-25 0:00:00,0.681762,0.305286,0.012952,AT&T,irrelevant
2961496,Frequent NSA collaborator AT&T is backing Apple in its fight against the FBI,http://qz.com/630849/frequent-nsa-collaborator-att-is-backing-apple-in-its-fight-against-the-fbi/,2016-03-03 0:00:00,0.212389,0.735735,0.051876,AT&T,relevant
7932040,Intel officials warned well before Tower 22 attack of increased risks from drones,https://www.politico.com/news/2024/02/07/tower-22-attack-drones-00140262,2024-02-07 0:00:00,0.051194,0.907384,0.041423,Intel,irrelevant
4467588,Microsoft brings 'Known Folder Migration' feature to OneDrive consumer users,https://www.zdnet.com/article/microsoft-brings-known-folder-migration-feature-to-onedrive-consumer-users/,2018-08-15 0:00:00,0.616401,0.353141,0.030458,Microsoft,irrelevant
123333,Walmart To Ban Woman Caught On Viral Racist Rant Video,http://www.inquisitr.com/4244592/walmart-to-ban-woman-caught-on-viral-racist-rant-video/,2017-05-25 0:00:00,0.015531,0.231264,0.753205,Walmart,irrelevant
381997,Why did it take us messaging?': Louisiana woman books Airbnb in France. Then she learns what the owner did with the property,https://www.dailydot.com/news/airbnb-host-sells-house-before-check-in/,2025-04-21 0:00:00,0.02369,0.886643,0.089667,Airbnb,irrelevant
7109758,Halloween pet costumes at Walmart,http://feeds.mashable.com/~r/Mashable/~3/1-cTCPVcBvo/walmart-halloween-pet-costumes,2021-10-15 0:00:00,0.017332,0.971662,0.011006,Walmart,irrelevant
6483519,Uber driver charged with raping unconscious 17-year-old in Orange County,http://www.latimes.com/local/lanow/la-me-ln-rape-charge-20161109-story.html,2016-11-10 0:00:00,0.002555,0.025432,0.972013,Uber,irrelevant
250473,Airbnb asked to disclose data on 172 users so far this year,http://feeds.mashable.com/~r/Mashable/~3/hxbjERCZzIw/,2016-09-03 0:00:00,0.02039,0.96163,0.01798,Airbnb,irrelevant
3295123,"Fore! Here Comes Tony Romo, The Golfer, Again.",https://www.forbes.com/sites/barryhorn/2019/05/08/fore-here-comes-tony-romo-the-golfer-again/,2019-05-08 0:00:00,0.048494,0.933056,0.018449,AT&T,irrelevant
7908289,NY Post scorches ‘fake’ intel letter used to sink laptop story: ‘Actual disinfo operation’ helped Biden,https://www.foxnews.com/media/ny-post-scorches-fake-intel-letter-used-sink-laptop-story-actual-disinfo-operation-helped-biden,2023-04-22 0:00:00,0.005514,0.057885,0.936601,Intel,irrelevant
4190801,Microsoft is allegedly creating a Slack competitor,http://feeds.mashable.com/~r/Mashable/~3/BtxLr-tauIU/,2016-09-07 0:00:00,0.012854,0.089628,0.897518,Microsoft,irrelevant
1004237,13 ways to give the gift of Mackinac Island,http://www.mlive.com/entertainment/index.ssf/2016/12/12_mackinac_island_christmas_g.html,2016-12-12 0:00:00,0.702207,0.27809,0.019704,Visa Inc.,irrelevant
1708661,Starbucks Just Revealed The Ideal Drink For Each Zodiac Sign,https://www.bustle.com/p/what-starbucks-drink-you-should-try-according-to-your-zodiac-sign-15954958,2019-02-14 0:00:00,0.604897,0.344786,0.050316,Starbucks,irrelevant
7087340,"Bank of America, M and others disclose gap between CEO and employee pay",http://feeds.bizjournals.com/~r/industry_2/~3/KiN6_zqUX6o/bank-of-america-m-t-and-others-disclose-gap.html,2018-03-14 0:00:00,0.018262,0.865166,0.116572,Bank of America,irrelevant
236428,"How Goldman Sachs, UBS, and more reacted to Walmart's $10 billion 'Black Swan' deal to sell Asda",http://www.businessinsider.com/analyst-reaction-walmart-sale-asda-to-sainsburys-2018-4?utm_source=feedburner&utm_medium=referral,2018-04-30 0:00:00,0.037067,0.69797,0.264963,Walmart,relevant
44709,"Sean Hannity: If Walmart stops selling Confederate flags, they should stop selling rap music too",http://feeds.dailykos.com/~r/dailykos/index/~3/eiJTpBnco60/-Sean-Hannity-If-Walmart-stops-selling-Confederate-flags-they-should-stop-selling-rap-music-too,2015-06-25 0:00:00,0.031268,0.163477,0.805255,Walmart,irrelevant
4297741,Apple takes another step into Microsoft's core territory with Accenture deal,https://www.cnbc.com/2017/08/29/apple-takes-another-step-into-microsofts-core-territory-with-accenture-deal.html,2017-08-29 0:00:00,0.155118,0.777272,0.06761,Microsoft,irrelevant
782429,Harvey Weinstein Taps Trump’s Travel Ban for New ‘Lion’ Oscar Messaging,http://variety.com/2017/film/in-contention/lion-ad-trump-travel-ban-harvey-weinstein-1201983028/,2017-02-09 0:00:00,0.029081,0.747009,0.22391,Visa Inc.,irrelevant
7366870,here's everything I'd buy at Walmart's Black Friday sale,https://www.techradar.com/seasonal-sales/i-shop-deals-for-a-living-heres-everything-id-buy-at-walmarts-black-friday-sale,2023-11-22 0:00:00,0.043416,0.925993,0.030591,Walmart,irrelevant
4813282,Microsoft just introduced an ambitious subscription plan that makes the Xbox the best deal in gaming,https://www.businessinsider.com/microsoft-xbox-one-all-access-2018-8#comments,2018-08-27 0:00:00,0.944738,0.033296,0.021965,Microsoft,relevant
7935361,Intel’s Stock Stock Rallied 91% This Year. Here’s What Drives It Higher in 2024.,https://www.barrons.com/articles/intel-stock-price-nvda-amd-5754f6c8?siteid=yhoof2yptr=yahoo,2023-12-29 0:00:00,0.717997,0.236103,0.0459,Intel,relevant
426333,Shooting at Walmart in El Paso: multiple fatalities,https://www.mercurynews.com/2019/08/03/active-shooter-reported-in-el-paso-mall/,2019-08-03 0:00:00,0.01333,0.921365,0.065304,Walmart,irrelevant
7047614,‘This is why I don’t like Goodwill’: Shopper finds Walmart clearance sweater tagged at $3. Then she sees how much Goodwill is selling it for,https://www.dailydot.com/news/goodwill-upselling-walmart-sweater/,2024-10-27 0:00:00,0.038315,0.293239,0.668446,Walmart,irrelevant
5207105,GM Strike after a week: Sales hold up while parts shortages loom,https://www.cnbc.com/2019/09/25/gm-strike-after-a-week-sales-hold-up-while-parts-shortages-loom.html,2019-09-25 0:00:00,0.026348,0.387472,0.58618,General Motors,relevant
8424613,How grocery stores restock shelves in the age of coronavirus,http://rss.cnn.com/~r/rss/cnn_topstories/~3/sQAY36oKXjE/index.html,2020-03-20 0:00:00,0.090884,0.867061,0.042055,Visa Inc.,irrelevant
6672902,"Uber, Private Ride Drivers to Sue Mayor of London for Discrimination",http://fortune.com/2019/03/01/uber-lawsuit-london-mayor/,2019-03-01 0:00:00,0.006253,0.075732,0.918014,Uber,irrelevant
10490726,We talked to the execs behind Bloomberg's new data partnership with Goldman Sachs. Here's why they think it's a sign of Wall Street's future.,https://www.businessinsider.com/goldman-sachs-bloomberg-data-partnership-shows-wall-street-opening-up-2020-2,2020-02-07 0:00:00,0.339816,0.634176,0.026008,Goldman Sachs,relevant
3108760,Verizon accused of violating net neutrality rules by throttling video,https://arstechnica.com/tech-policy/2017/07/verizons-throttling-of-video-should-be-investigated-by-fcc-petition-says/,2017-07-26 0:00:00,0.00435,0.069047,0.926602,AT&T,irrelevant
2566740,"EMMY® Winner Rushion McDonald Celebrates Five Years of Money Making Conversations Master Class, With Special Broadcast on September 27th",https://www.benzinga.com/pressreleases/22/09/n29007415/emmy-winner-rushion-mcdonald-celebrates-five-years-of-money-making-conversations-master-class-with,2022-09-26 0:00:00,0.894668,0.090464,0.014868,McDonald's,irrelevant
8363082,NYC becomes latest city to cut back on ties with Wells Fargo,http://www.startribune.com/variety/425506073.html,2017-05-31 0:00:00,0.032203,0.522759,0.445037,Wells Fargo,relevant
3411762,Galaxy Z Flip 5G now up for preorder if you’d rather not wait for the Note 20,https://www.theverge.com/2020/7/30/21347746/galaxy-z-flip-5g-preorders-open-samsung-unpacked-z-fold-2,2020-07-30 0:00:00,0.068788,0.893272,0.03794,AT&T,irrelevant
1017168,Activists: 1st Amendment Rights Of Undocumented Immigrants Are Often Violated,https://www.npr.org/2018/03/15/593812830/activists-1st-amendment-rights-of-undocumented-immigrants-are-often-violated,2018-03-15 0:00:00,0.023344,0.181958,0.794699,Visa Inc.,irrelevant
584249,"Samsung's Most Luxurious TV Is $2,500 Off at Walmart for Presidents Day",https://people.com/tech/samsung-presidents-day-tv-sale-walmart-amazon/,2020-02-14 0:00:00,0.035762,0.928957,0.035282,Walmart,irrelevant
8362680,U.S. detention of European and Canadian tourists creates fear over traveling to America,https://www.pbs.org/newshour/world/u-s-detention-of-european-and-canadian-tourists-creates-fear-over-traveling-to-america,2025-03-21 0:00:00,0.023886,0.780306,0.195808,Visa Inc.,irrelevant
3397410,Visiongain Publishes Top 20 Connected Aircraft Companies 2020 Report,https://www.thestreet.com/press-releases/visiongain-publishes-top-20-connected-aircraft-companies-2020-report-15301114,2020-04-23 0:00:00,0.222674,0.768414,0.008912,AT&T,irrelevant
6428710,"Sidecar – Uber, Lyft Competitor in Ride-Sharing – Goes Belly Up",http://www.Newsmax.com/TheWire/sidecar-uber-lyft-ride-sharing/2015/12/31/id/707705,2015-12-31 0:00:00,0.113543,0.567095,0.319362,Uber,irrelevant
1025677,His son was killed by the Mexican cartel. This father was faced with the decision: Move or die,http://rssfeeds.cincinnati.com/~/599036796/0/cincinnati-home~His-son-was-killed-by-the-Mexican-cartel-This-father-was-faced-with-the-decision-Move-or-die/,2019-02-28 0:00:00,0.050556,0.44274,0.506705,Visa Inc.,irrelevant
3367111,Where to watch 49ers vs Dolphins game today: Free live stream,https://www.cleveland.com/tv/2024/12/where-to-watch-49ers-vs-dolphins-game-today-free-live-stream.html,2024-12-22 0:00:00,0.019836,0.972397,0.007767,AT&T,irrelevant
3027670,The FCC OKs Streaming for Free—But Net Neutrality Will Pay,https://www.wired.com/2017/02/fcc-oks-streaming-free-net-neutrality-will-pay/,2017-02-03 0:00:00,0.075021,0.40617,0.518809,AT&T,irrelevant
7431643,‘This is a gut check time’: Dan Rather demands Congress make Trump’s intel fiasco their ‘top priority’,http://www.rawstory.com/2017/05/this-is-a-gut-check-time-dan-rather-demands-congress-make-trumps-intel-fiasco-their-top-priority/,2017-05-15 0:00:00,0.008831,0.11755,0.873619,Intel,irrelevant
8498873,From Russia with love: Successful KHL season could relaunch Wideman's NHL career,https://www.stltoday.com/sports/hockey/professional/from-russia-with-love-successful-khl-season-could-relaunch-widemans-nhl-career/article_69dc9a7b-9c26-59bb-99a1-afbbaaf34153.html,2021-07-09 0:00:00,0.664046,0.315398,0.020556,Visa Inc.,irrelevant
3576276,"MetLife gets '26 WC final, USMNT kicks off in L.A.",https://www.espn.com/soccer/story/_/id/39437198/2026-world-cup-final-metlife-stadium-usa-kicks-la,2024-02-04 0:00:00,0.023779,0.971715,0.004506,AT&T,irrelevant
4693982,"Gugu Mbatha-Raw, Richard Madden to Star in Netflix Thriller ‘Trinity’",https://www.hollywoodreporter.com/tv/tv-news/gugu-mbatha-raw-richard-madden-netflix-trinity-1236298284/,2025-06-24 0:00:00,0.030338,0.945736,0.023926,Netflix,irrelevant
3136150,"Spurs brace for red-hot Davis, Pelicans",https://www.foxsports.com/nba/story/spurs-brace-for-red-hot-davis-pelicans-022718,2018-02-28 0:00:00,0.093763,0.87782,0.028417,AT&T,irrelevant
3977873,"Netflix's Grand, Daring, Maybe Crazy Plan to Conquer the World",https://www.wired.com/2016/03/netflixs-grand-maybe-crazy-plan-conquer-world/,2016-03-27 0:00:00,0.718766,0.178436,0.102798,Netflix,relevant
5144297,Lordstown shifts gear to shakier future after GM announcement,https://www.dispatch.com/news/20181202/lordstown-shifts-gear-to-shakier-future-after-gm-announcement?rssfeed=true,2018-12-02 0:00:00,0.128081,0.818069,0.05385,General Motors,irrelevant
437672,Skillz Hires Airbnb Executive Ian Lee As CFO,https://www.thestreet.com/press-releases/skillz-hires-airbnb-executive-ian-lee-as-cfo-15644956,2021-05-04 0:00:00,0.058095,0.901245,0.04066,Airbnb,irrelevant
6667230,Uber lawyer says class action trial in California could set a risky...,http://feeds.reuters.com/~r/reuters/UKBankingFinancial/~3/JtYvVUYt_RQ/uber-tech-drivers-lawsuit-idUKL1N10H47X20150807,2015-08-07 0:00:00,0.036752,0.875307,0.087941,Uber,relevant
226236,"Chobani partners with Airbnb, MasterCard to help end refugee crisis",http://www.cbsnews.com/videos/chobani-partners-with-airbnb-mastercard-to-help-end-refugee-crisis/,2016-01-20 0:00:00,0.622925,0.355379,0.021696,Airbnb,relevant
3486973,"Democrats question TV carriers' decisions to host Fox, OAN and Newsmax, citing 'misinformation'",https://www.politico.com/news/2021/02/22/democrats-conservative-media-misinformation-470863,2021-02-22 0:00:00,0.012308,0.62125,0.366442,AT&T,irrelevant
4061011,Why Did Netflix Decide to Move Forward With a Final Season of House of Cards?,http://www.slate.com/blogs/browbeat/2017/12/08/house_of_cards_season_6_why_did_netflix_move_forward.html,2017-12-08 0:00:00,0.238675,0.551624,0.209702,Netflix,irrelevant
6969880,Prosecutors: South Carolina man killed Uber rider in 2019,https://www.seattletimes.com/nation-world/nation/prosecutors-south-carolina-man-killed-uber-rider-in-2019/?utm_source=RSS&utm_medium=Referral&utm_campaign=RSS_all,2021-07-27 0:00:00,0.021128,0.723014,0.255859,Uber,irrelevant
1870457,Starbucks union workers in Buffalo walk out over ‘unsafe’ conditions,https://nypost.com/2022/01/05/starbucks-union-workers-in-buffalo-walk-out-over-unsafe-conditions/,2022-01-05 0:00:00,0.015725,0.268186,0.716088,Starbucks,relevant
10532856,Post Holdings Appoints Dorothy M. Burwell To Board Of Directors,https://www.thestreet.com/press-releases/post-holdings-appoints-dorothy-m-burwell-to-board-of-directors-15364119,2020-07-02 0:00:00,0.228499,0.764464,0.007037,Goldman Sachs,irrelevant
2887384,"Apple Has New iPhone Satellite Features in the Works, Report Says",https://www.cnet.com/tech/services-and-software/apple-has-new-iphone-satellite-features-in-the-works-report-says/#ftag=CADf328eec,2025-11-10 0:00:00,0.043401,0.9499,0.0067,Apple,irrelevant
3405712,Mike Perry says he wasn't drug tested vs. Jake Paul: 'I was surprised',https://mmajunkie.usatoday.com/2024/11/bkfc-news-mike-perry-not-drug-tested-vs-jake-paul-surprised-ufc-mma-boxing,2024-11-12 0:00:00,0.038193,0.875273,0.086534,AT&T,irrelevant
3989525,Microsoft’s Last Windows Update For 600 Million Users—Act Now,https://www.forbes.com/sites/zakdoffman/2025/09/21/microsofts-last-windows-update-for-600-million-users-act-now/,2025-09-21 0:00:00,0.080946,0.851877,0.067177,Microsoft,irrelevant
3175755,Are mergers good or bad for the economy?,https://www.cbsnews.com/news/mergers-and-acquisitions-good-or-bad-for-the-economy/,2016-12-29 0:00:00,0.123115,0.778818,0.098067,AT&T,irrelevant
11895448,Fedex Expects Fewer Packages During Holiday Season,https://www.bloomberg.com/news/articles/2022-10-07/fedex-expects-fewer-packages-during-holiday-season,2022-10-07 0:00:00,0.099108,0.879673,0.021219,FedEx,relevant
8575384,A Trump Manhattan hush money conviction would punch a hole in his election hopes: report,https://www.rawstory.com/trump-hush-money-2667536998/,2024-03-18 0:00:00,0.023161,0.521162,0.455676,Visa Inc.,irrelevant
7147377,"Walmart Deals for Days sale is live – TVs, AirPods, Instant Pot, laptops, and more",https://www.techradar.com/news/walmart-takes-on-amazon-prime-day-with-its-deals-for-days-sale-live-now/,2021-06-20 0:00:00,0.235946,0.736548,0.027506,Walmart,irrelevant
4764892,How Everyday Life in a Real Arctic Community Inspired Netflix’s North of North,https://time.com/7275134/north-of-north-netflix-interview/,2025-04-10 0:00:00,0.269987,0.707472,0.022541,Netflix,irrelevant
2932045,59 Twists & Turns to Verizon's Calculated Play to Go Wireless and to Dismantle & Trash the State-Based Wired Utilities,http://feeds.huffingtonpost.com/c/35496/f/677045/s/49753b64/sc/15/l/0L0Shuffingtonpost0N0Cbruce0Ekushnick0C590Etwists0E0Eturns0Eto0Everiz0Ib0I80A68360A0Bhtml/story01.htm,2015-08-31 0:00:00,0.032402,0.145526,0.822072,AT&T,irrelevant
5105715,China Seen Hitting GM On Price Fixing Amid Trump Rhetoric | Stock News Stock Market Analysis,https://www.investors.com/news/which-u-s-automaker-is-facing-an-antitrust-fine-from-china/,2016-12-14 0:00:00,0.030475,0.581982,0.387543,General Motors,relevant
714615,Giants manager Bruce Bochy recovering from shoulder surgery,http://www.foxsports.com/mlb/story/giants-manager-bruce-bochy-recovering-from-shoulder-surgery-021716,2016-02-17 0:00:00,0.029492,0.959959,0.010549,Visa Inc.,irrelevant
3048783,Carmelo Anthony Sends Love to La La Amid Split Drama,http://www.eonline.com/news/849287/carmelo-anthony-sends-his-love-to-estranged-wife-la-la-anthony-amid-split-drama?cmpid=rss-000000-rssfeed-365-topstories&utm_source=eonline&utm_medium=rssfeeds&utm_campaign=rss_topstories,2017-05-08 0:00:00,0.229286,0.672121,0.098593,AT&T,irrelevant
962852,Report: Visa Overstays More Common Than Illegal Border Entries; Mexicans The Most Likely to Overstay,https://www.cnsnews.com/news/article/mark-browne/report-visa-overstays-more-common-illegal-border-entries-mexicans-most,2017-03-15 0:00:00,0.039066,0.106977,0.853957,Visa Inc.,irrelevant
3744784,"Netflix's '13 Reasons Why,' TNT's 'Animal Kingdom' Receive California Tax Credits",http://variety.com/2015/tv/news/animal-kingdom-series-selena-gomez-series-california-filming-credit-1201666270/,2015-12-21 0:00:00,0.132337,0.840521,0.027143,Netflix,irrelevant
7414030,Intel Buys Mobileye for $15.3bn,http://www.redherring.com/software/intel-buys-mobileye-15-3bn/,2017-03-13 0:00:00,0.096285,0.880218,0.023497,Intel,relevant
7443461,Intel officials detail how Russian cyberattacks sought to interfere with U.S. elections,http://www.pbs.org/newshour/rundown/intel-officials-detail-russian-cyberattacks-sought-interfere-u-s-elections/,2017-06-21 0:00:00,0.020873,0.875271,0.103856,Intel,irrelevant
1016953,"21 Savage Is Released After Immigration Arrest, Lawyer Says",https://newsone.com/3846161/21-savage-released-ice-arrest/,2019-02-12 0:00:00,0.012145,0.969686,0.018169,Visa Inc.,irrelevant
3615230,New on Netflix in November 2025 — The Full List of Movies and TV Shows,https://www.usmagazine.com/entertainment/news/new-on-netflix-in-november-2025-the-full-list-of-movies-and-tv-shows/,2025-11-01 0:00:00,0.02935,0.961556,0.009094,Netflix,irrelevant
4187894,Microsoft’s iPhone keyboard takes aim at Google with new built-in search,http://www.theverge.com/2016/8/24/12621868/microsoft-word-flow-keyboard-built-in-search-features,2016-08-24 0:00:00,0.462885,0.415264,0.12185,Microsoft,irrelevant
147514,"Walmart is selling a $110 Coca-Cola mini fridge for only $50, and it has a built-in Bluetooth speaker",https://www.thestreet.com/deals/coca-cola-mini-fridge-speaker-walmart-sale,2025-08-05 0:00:00,0.474317,0.446262,0.079421,Walmart,irrelevant
499306,"Watch Out Walmart, Amazon Is Making Inroads In Grocery",https://www.forbes.com/sites/lauraheller/2020/12/30/watch-out-walmart-amazon-is-making-inroads-in-grocery/,2020-12-30 0:00:00,0.229451,0.68143,0.08912,Walmart,relevant
876363,"Trading GE after earnings. Plus, the trade on Kroger & Novartis",https://www.cnbc.com/video/2018/01/24/final-trades-general-electric-ge-kroger-novartis.html,2018-01-24 0:00:00,0.036246,0.934724,0.02903,Visa Inc.,irrelevant
2330953,"McDonald's workers, teachers rally in separate suburban May Day events",http://feeds.chicagotribune.com/~r/chicagotribune/religion/~3/dExNJQkY3LA/ct-skr-may-day-teachers-mcdonalds-workers-rally-skokie-evanston-tl-0505-20160502-story.html,2016-05-02 0:00:00,0.152001,0.843235,0.004764,McDonald's,irrelevant
3561075,Lakers fall to Spurs in their California Classic finale,https://www.ocregister.com/2023/07/05/lakers-fall-to-spurs-in-their-california-classic-finale/,2023-07-05 0:00:00,0.017826,0.868473,0.113701,AT&T,irrelevant
6711493,"Uber drives onto Wall Street, but stock sinks below its IPO price",https://www.chicagotribune.com/business/ct-biz-uber-initial-public-stock-offering-20190510-story.html,2019-05-10 0:00:00,0.024637,0.07746,0.897903,Uber,relevant
7401497,Aide says Trump 'accepts' US intel blaming Russia for hack,http://www.sfgate.com/news/politics/article/Trump-defends-Russia-outreach-amid-US-intel-10843065.php,2017-01-08 0:00:00,0.01632,0.388065,0.595615,Intel,irrelevant
6112078,"Uber's Clever, Hidden Move: How Its Latest Fare Cuts Can Actually Lock In Its Drivers",http://www.forbes.com/sites/ellenhuet/2015/01/09/ubers-clever-hidden-move-how-fare-cuts-actually-lock-in-its-drivers/,2015-01-09 0:00:00,0.466554,0.048397,0.485049,Uber,irrelevant
7029033,Mid-Michigan Walmart store listed as possible coronavirus exposure site,https://www.mlive.com/news/flint/2020/07/mid-michigan-walmart-store-listed-as-possible-coronavirus-exposure-site.html,2020-07-12 0:00:00,0.011583,0.959774,0.028643,Walmart,irrelevant
3274627,Astros to open 2018 season on the road against Rangers,http://www.chron.com/sports/astros/article/Astros-to-open-2018-season-on-road-against-Rangers-12191516.php,2017-09-12 0:00:00,0.020411,0.964773,0.014816,AT&T,irrelevant
8352586,International students fight visa revocations and detentions in new federal lawsuits,https://www.startribune.com/international-students-fight-visa-revocations-and-detentions-in-new-federal-lawsuits/601335932,2025-04-23 0:00:00,0.022137,0.444303,0.53356,Visa Inc.,irrelevant
4484141,"What To Watch On Netflix When It Snows, Based On Your Zodiac Sign",https://www.elitedaily.com/p/what-to-watch-on-netflix-when-it-snows-based-on-your-zodiac-sign-15947355,2019-02-14 0:00:00,0.025643,0.927309,0.047048,Netflix,irrelevant
9207244,Morgan Stanley Analyst Sees Long-term Growth Opportunities in Undervalued FIS Stock,https://www.benzinga.com/news/23/07/33119035/morgan-stanley-analyst-sees-long-term-growth-opportunities-in-undervalued-fis-stock,2023-07-05 0:00:00,0.494954,0.485612,0.019434,Morgan Stanley,irrelevant
4661164,This Is How Much Netflix We're All Watching Every Day,https://time.com/4186137/netflix-hours-per-day/,2016-01-19 0:00:00,0.183821,0.685942,0.130236,Netflix,irrelevant
8117741,Athletics: Kenya's Korir misses out on visa for world championships,http://feeds.reuters.com/~r/reuters/sportsNews/~3/4KZ1NRsrPnw/athletics-kenyas-korir-misses-out-on-visa-for-world-championships-idUSKCN1GE1F8,2018-03-02 0:00:00,0.033574,0.795462,0.170964,Visa Inc.,irrelevant
410976,Airbnb releases Enhanced Cleaning Protocol handbook,https://www.foxnews.com/travel/airbnb-releases-enhanced-cleaning-protocol-handbook,2020-06-17 0:00:00,0.486076,0.497047,0.016877,Airbnb,relevant
7306492,Skanska sells remaining stake in Bank of America Tower downtown,http://feeds.bizjournals.com/~r/industry_20/~3/GVOdklIgDCM/skanska-sells-stake-bank-of-america-tower.html,2021-07-20 0:00:00,0.027797,0.942054,0.030149,Bank of America,irrelevant
3418018,Samsung’s Galaxy Z Flip 3 is up to $500 off at Best Buy,https://www.theverge.com/2021/11/28/22806048/samsung-galaxy-z-flip-3-cyber-monday-deal-2021,2021-11-28 0:00:00,0.055725,0.924535,0.01974,AT&T,irrelevant
5122139,Morgan Stanley Restricts Coverage as Marchionne Eyes GM Deal,http://www.bloomberg.com/news/articles/2015-06-12/morgan-stanley-restricts-analyst-coverage-as-marchionne-eyes-gm,2015-06-12 0:00:00,0.02718,0.792608,0.180212,General Motors,relevant
3283425,Honoree tours Easterseals facilities,http://www.arkansasonline.com/news/2019/mar/13/honoree-tours-easterseals-facilities-20/,2019-03-13 0:00:00,0.040607,0.952433,0.00696,AT&T,irrelevant
7866688,Announcing Android Cloud Gaming Media Processing Delivery Solutions Based on the New Intel Data Center GPU Codenamed Arctic Sound-M,https://www.benzinga.com/pressreleases/22/07/n28237787/announcing-android-cloud-gaming-media-processing-delivery-solutions-based-on-the-new-intel-data-ce,2022-07-27 0:00:00,0.129797,0.825332,0.044871,Intel,relevant
4635592,"Security startup Synack scores $21M investment from Microsoft, HPE and Singtel",https://techcrunch.com/2017/04/11/security-startup-synack-scores-21-m-investment-from-microsoft-hpe-and-singtel/,2017-04-11 0:00:00,0.187491,0.774904,0.037605,Microsoft,irrelevant
2455117,A&E's 'Shipping Wars' features McDonald Auto Group owner and his World War 2 duck boat,http://www.mlive.com/news/saginaw/index.ssf/2015/03/aes_shipping_wars_features_mcd.html,2015-03-06 0:00:00,0.123646,0.821179,0.055175,McDonald's,irrelevant
3379734,Making a point about knives,http://www.seattletimes.com/seattle-news/making-a-point-about-knives/,2015-04-24 0:00:00,0.06956,0.891858,0.038581,AT&T,irrelevant
3441617,Bears vs. Panthers game today: Watch NFL Week 5 live stream free,https://www.cleveland.com/tv/2024/10/bears-vs-panthers-game-today-watch-nfl-week-5-live-stream-free.html,2024-10-06 0:00:00,0.022211,0.968657,0.009132,AT&T,irrelevant
3172583,Fitbit employees charged with having stolen trade secrets,http://www.startribune.com/business/485623262.html,2018-06-15 0:00:00,0.00354,0.08855,0.90791,AT&T,irrelevant
3295718,Is Winter Finally Coming? HBO Braces for Post-'Game of Thrones' Landscape,https://www.hollywoodreporter.com/news/hbo-braces-post-game-thrones-perils-1199053,2019-04-03 0:00:00,0.049277,0.935519,0.015204,AT&T,irrelevant
3003493,Dak Prescott leads Dallas Cowboys vs. hurting Chicago Bears,http://www.upi.com/Sports_News/2016/09/22/Dak-Prescott-leads-Dallas-Cowboys-vs-hurting-Chicago-Bears/7431474518586/,2016-09-22 0:00:00,0.189975,0.762797,0.047228,AT&T,irrelevant
7312095,Score an Apple Watch Series 7 for $299 at Walmart,https://mashable.com/deals/april-10-apple-watch-series-7,2023-04-10 0:00:00,0.079948,0.897771,0.022281,Walmart,irrelevant
1004065,Milwaukee movies off the grid: April 21-23,http://rssfeeds.jsonline.com/~/295078302/0/milwaukee/tap~Milwaukee-movies-off-the-grid-April/,2017-04-20 0:00:00,0.013576,0.97926,0.007164,Visa Inc.,irrelevant
6532294,"Uber safety driver of fatal self-driving crash was watching Hulu, not the road",https://techcrunch.com/2018/06/22/uber-safety-driver-of-fatal-self-driving-crash-was-watching-hulu-not-the-road/,2018-06-22 0:00:00,0.022644,0.232692,0.744664,Uber,irrelevant
6147129,California labor commission rules Uber drivers are employees,http://www.engadget.com/2015/06/17/uber-drivers-are-employees/?ncid=txtlnkusaolp00000589,2015-06-17 0:00:00,0.350992,0.507941,0.141067,Uber,relevant
11910991,Stifel Maintains Buy Rating for FedEx: Here's What You Need To Know,https://www.benzinga.com/analyst-ratings/23/06/32952242/stifel-maintains-buy-rating-for-fedex-heres-what-you-need-to-know,2023-06-21 0:00:00,0.09192,0.85388,0.0542,FedEx,relevant
8630124,Regulator Blasts Wells Fargo for Deceptive Auto Insurance Program,https://www.nytimes.com/2017/10/20/business/wells-fargo-auto-insurance-comptroller.html?_r=1,2017-10-20 0:00:00,0.004018,0.012796,0.983186,Wells Fargo,relevant
3092975,The DOJ's AT&T-Time Warner case is political: Bibb,https://www.cnbc.com/video/2017/11/08/the-dojs-att-time-warner-case-is-political-bibb.html,2017-11-08 0:00:00,0.015655,0.961238,0.023107,AT&T,relevant
7044782,"LIVESTREAMING SOCIAL COMMERCE PROVIDER, TALKSHOPLIVE, TEAMS UP WITH WALMART",https://www.thestreet.com/press-releases/livestreaming-social-commerce-provider-talkshoplive-teams-up-with-walmart-15861124,2021-12-14 0:00:00,0.638933,0.345079,0.015988,Walmart,relevant
2944401,"Five thoughts: Texas Tech football announces 2016 schedule, including early road test, jam-packed finish",http://www.dallasnews.com/sports/college-sports/texas-tech-red-raiders/20151124-five-thoughts-texas-tech-football-announces-2016-schedule-including-early-road-test-jam-packed-finish.ece,2015-11-24 0:00:00,0.054092,0.934665,0.011243,AT&T,irrelevant
10535791,Netflix Q2 Earnings Preview: Can the Streaming Giant's Run Continue?,https://www.thewrap.com/netflix-q2-earnings-preview/,2020-07-15 0:00:00,0.091016,0.895408,0.013576,Netflix,relevant
920242,EVTC Stock Price - Evertec Inc. Stock Quote (U.S.: NYSE),http://feeds.marketwatch.com/~r/marketwatch/realtimeheadlines/~3/iIwKBG0eHZo/quotes.asp,2018-06-15 0:00:00,0.011025,0.981768,0.007208,Visa Inc.,irrelevant
637595,Baptists and Walmart criticize rebel-themed Mississippi flag,https://abcnews.go.com/Business/wireStory/baptists-walmart-criticize-rebel-themed-mississippi-flag-71418099,2020-06-24 0:00:00,0.023288,0.835309,0.141403,Walmart,irrelevant
2572566,McDonald's All American Girls Game preview: Game plans and roster comparisons,https://www.espn.com/womens-college-basketball/story/_/id/39806983/mcdonald-all-american-girls-game-preview,2024-03-29 0:00:00,0.026679,0.962905,0.010416,McDonald's,irrelevant
640075,"Sony's best noise-cancelling headphones are $72 off right now at Amazon, Best Buy, and Walmart",https://www.businessinsider.com/sony-wh-1000-xm3-noise-cancelling-wireless-headphones-deal,2020-07-07 0:00:00,0.112195,0.831933,0.055872,Walmart,irrelevant
3016206,Celebrate closer EU union? Not with all that division,http://www.usnews.com/news/business/articles/2016-12-09/celebrate-closer-eu-union-not-with-all-that-division,2016-12-09 0:00:00,0.309562,0.572115,0.118323,AT&T,irrelevant
3530239,Metallica Announce 2023-2024 World Tour,https://www.rttnews.com/story.aspx?Id=3328556,2022-11-29 0:00:00,0.030833,0.961755,0.007412,AT&T,irrelevant
812689,Visa dreams of turning your entire home into a cash register,https://www.engadget.com/2017/06/10/visa-iot-contactless-payment/,2017-06-10 0:00:00,0.870975,0.099011,0.030014,Visa Inc.,relevant
7959892,U.S. swimmers' tall tale touches a raw nerve in Brazil,http://feeds.reuters.com/~r/reuters/sportsNews/~3/Ohh2-_NM7po/us-olympics-rio-lochte-brazil-idUSKCN10U28C,2016-08-19 0:00:00,0.15325,0.822987,0.023762,Visa Inc.,irrelevant
208082,"Don't let the sharing economy of Uber, Airbnb become the scofflaw economy",http://www.latimes.com/about/la-ol-taxing-new-underground-economy-uber-airbnb-20150324-story.html?track=rss,2015-03-24 0:00:00,0.030493,0.051099,0.918407,Airbnb,irrelevant
7810726,Trump apparently confirms sharing classified intel with Russians,https://www.cbsnews.com/video/trump-apparently-confirms-sharing-classified-intel-with-russians/,2021-05-01 0:00:00,0.011272,0.640099,0.34863,Intel,irrelevant
3127376,New Cricket Wireless store opens in Harrisonville,http://www.kansascity.com/news/local/community/cass-county-demo/article198838744.html#storylink=rss,2018-02-07 0:00:00,0.022273,0.972404,0.005324,AT&T,irrelevant
10334387,"If the trade situation worsens, look for stocks with this characteristic, Goldman Sachs says",http://www.marketwatch.com/news/story.asp?guid=%7BA97D1696-C563-11E8-844D-8660EA5B0413%7D&siteid=rss&rss=1,2018-10-01 0:00:00,0.025323,0.967751,0.006926,Goldman Sachs,irrelevant
6322252,8 key findings on marijuana consumer trends from the 'Uber for weed',http://www.businessinsider.com/new-eaze-report-marijuana-consumer-trends-2017-2,2017-02-08 0:00:00,0.052583,0.70764,0.239777,Uber,irrelevant
789418,"The Fatal Flaw in Trump’s Kinder, Gentler Travel Ban",http://www.vanityfair.com/news/2017/03/donald-trump-muslim-travel-ban,2017-03-06 0:00:00,0.016741,0.21827,0.764988,Visa Inc.,irrelevant
8403808,The US canceled my mother's visa as she tried to visit her first grandchild,http://www.theguardian.com/commentisfree/2016/jan/04/us-canceled-my-muslim-mother-visa-as-tried-to-visit-her-first-grandchild,2016-01-04 0:00:00,null,null,null,Visa Inc.,irrelevant
3379290,How to watch Ohio State football vs. Michigan FREE STREAM today,https://www.cleveland.com/tv/2024/11/how-to-watch-ohio-state-football-vs-michigan-free-stream-today.html,2024-11-30 0:00:00,0.0218,0.968537,0.009663,AT&T,irrelevant
8569626,Naperville News Digest,https://www.chicagotribune.com/suburbs/naperville-sun/ct-nvs-eagle-photo-contest-winner-will-county-st-1214-20221213-rquolnaq65fjjjbaahxvbutdj4-story.html#ed=rss_www.chicagotribune.com/arcio/rss/category/suburbs/naperville-sun/,2022-12-13 0:00:00,0.008769,0.983649,0.007582,Visa Inc.,irrelevant
8427228,Exclusive-- Jim Jordan: Moderate and Conservative Reps. Frustrated with Speaker Ryan,https://www.breitbart.com/radio/2018/05/20/exclusive-jim-jordan-reps-frustrated-speaker-ryan/,2018-05-20 0:00:00,0.016131,0.581168,0.402701,Visa Inc.,irrelevant
4462657,Fuller House' Renewed for Fifth and Final Season on Netflix (Video),https://www.thewrap.com/fuller-house-fifth-final-season-netflix-video/,2019-01-31 0:00:00,0.01836,0.971276,0.010365,Netflix,irrelevant
7994637,Ex-leader of drug ring convicted in New Mexico homicide case,http://www.sfgate.com/news/crime/article/Ex-leader-of-drug-ring-convicted-in-New-Mexico-10908728.php,2017-02-04 0:00:00,0.007684,0.212157,0.780159,Visa Inc.,irrelevant
4378828,Justin Timberlake's new Netflix trailer will rock your body,http://rssfeeds.azcentral.com/~/203712488/0/phoenix/moviesandtv~Justin-Timberlakes-new-Netflix-trailer-will-rock-your-body/,2016-09-27 0:00:00,0.080357,0.874809,0.044834,Netflix,irrelevant
4349266,"Facebook denies giving Spotify, Netflix, other tech giants wider access to data without user permission",http://rssfeeds.azcentral.com/~/588215452/0/phoenix/nation~Facebook-denies-giving-Spotify-Netflix-other-tech-giants-wider-access-to-data-without-user-permission/,2018-12-19 0:00:00,0.037042,0.502948,0.46001,Netflix,irrelevant
3292775,5G networks are almost upon us. Will you be an early adopter?,https://www.cnet.com/news/the-5g-network-is-almost-here-will-you-be-an-early-adopter/,2019-04-19 0:00:00,0.445736,0.523667,0.030597,AT&T,irrelevant
5144159,Trump says new auto tariffs being mulled after GM restructuring,https://nypost.com/2018/11/28/trump-says-new-auto-tariffs-being-mulled-after-gm-restructuring/,2018-11-28 0:00:00,0.056523,0.90447,0.039008,General Motors,relevant
1573662,A Starbucks drive-thru could soon serve City College and Land Park,http://www.sacbee.com/news/local/news-columns-blogs/city-beat/article154825614.html#storylink=rss,2017-06-07 0:00:00,0.386137,0.591609,0.022254,Starbucks,irrelevant
10409194,Goldman Sachs bought Commerzbank's claim in Saudi's biggest debt...,https://www.reuters.com/article/us-saudi-debt-goldman-sachs/goldman-sachs-bought-commerzbanks-claim-in-saudis-biggest-debt-saga-sources-idUSKCN1SK13O,2019-05-14 0:00:00,null,null,null,Goldman Sachs,relevant
4762085,Netflix Sets Screening Series ‘1975: Fifty Is the New Hollywood’ at Los Angeles’ Egyptian Theatre,https://www.indiewire.com/news/general-news/netflix-1975-screening-series-egyptian-theatre-los-angeles-1235115457/,2025-04-15 0:00:00,0.182948,0.802853,0.014199,Netflix,irrelevant
5354364,Andretti Partnering With GM For F1 Entry,https://www.forbes.com/sites/gregengle/2023/01/05/andretti-partnering-with-gm-for-f1-entry/,2023-01-05 0:00:00,0.115853,0.872185,0.011962,General Motors,irrelevant
7340044,Intel's president on why it's critical to steer girls toward tech,http://feeds.bizjournals.com/~r/industry_22/~3/JgEpm0t3hGM/intels-president-on-why-its-critical-to-steer.html,2015-05-19 0:00:00,0.548436,0.437712,0.013852,Intel,irrelevant
4480445,Get Microsoft Office 2019 on sale for just A$30 — pay once and use it forever,https://mashable.com/au/deals/july-17-au-microsoft-pro-2019,2025-07-16 0:00:00,0.115369,0.736848,0.147783,Microsoft,irrelevant
2952771,Meet the humans of the world’s biggest tech show,http://www.theverge.com/2016/1/11/10751480/ces-2016-faces-video,2016-01-11 0:00:00,0.320255,0.666931,0.012814,AT&T,irrelevant
5057206,Ford's Lincoln Makes Play for GM-Dominates Big SUV Market,https://www.usnews.com/news/best-states/new-york/articles/2017-04-12/fords-lincoln-makes-play-for-gm-dominates-big-suv-market,2017-04-12 0:00:00,null,null,null,General Motors,irrelevant
3160624,Official who leaked Cohen's financial records did so out of alarm over missing documents,http://theweek.com/speedreads/773634/official-who-leaked-cohens-financial-records-did-alarm-over-missing-documents,2018-05-16 0:00:00,0.002671,0.050209,0.947121,AT&T,irrelevant
8507331,Afghanistan’s neighbors watch warily as Taliban completes its dramatic takeover,https://www.washingtonpost.com/world/2021/08/16/afghanistan-neighbors-china-india-pakistan/?utm_source=rss&utm_medium=referral&utm_campaign=wp_world,2021-08-16 0:00:00,0.060559,0.764358,0.175083,Visa Inc.,irrelevant
3058299,"Fleury, Methot, Neal give Golden Knights a solid foundation",http://abcnews.go.com/Sports/fleury-methot-neal-give-golden-knights-solid-foundation/story?id=48199098,2017-06-22 0:00:00,0.649808,0.326276,0.023916,AT&T,irrelevant
3516408,"Batgirl,' David Zaslav and the End of Streaming Evangelism in Hollywood (Column)",https://variety.com/2022/tv/news/batgirl-david-zaslav-1235335069/,2022-08-05 0:00:00,0.071458,0.897533,0.031009,AT&T,irrelevant
3054320,Speedway has one of the first residential tests of 5G in America. Here's what that means,http://rssfeeds.indystar.com/~/333678172/0/indystar/todaystopstories~Speedway-has-one-of-the-first-residential-tests-of-G-in-America-Heres-what-that-means/,2017-05-25 0:00:00,0.125207,0.851826,0.022967,AT&T,irrelevant
4767866,"Netflix Supports Brazilian Cinematheque Restoration With $875,000 Cash Donation",https://variety.com/2025/film/global/netflix-brazilian-cinematheque-donation-1236358550/,2025-04-03 0:00:00,0.633161,0.343382,0.023457,Netflix,irrelevant
373271,Airbnb wants to replace hotels at the Olympics,http://rss.cnn.com/~r/rss/cnn_latest/~3/0ucM4fSVhMI/index.html,2019-11-18 0:00:00,0.455038,0.511499,0.033463,Airbnb,relevant
3262731,AT&T touts Time Warner merger at U.S. Senate hearing,https://www.reuters.com/article/us-timewarner-m-a-at-t-idUSKBN13W28L,2016-12-07 0:00:00,0.043486,0.950338,0.006176,AT&T,relevant
3255880,"Game of Thrones' Season Premiere Leak Helps Gamblers, Bookie Takes Bath",https://www.tmz.com/2019/04/15/game-of-thrones-season-premiere-leak-betting-odds-gamblers/,2019-04-15 0:00:00,0.198046,0.770857,0.031097,AT&T,irrelevant
4514618,Microsoft buys up more metro-Phoenix land for $37 million,http://rssfeeds.azcentral.com/~/600935212/0/phoenix/swvalley~Microsoft-buys-up-more-metroPhoenix-land-for-million/,2019-04-17 0:00:00,0.47874,0.456825,0.064436,Microsoft,relevant
7174684,"California woman attacked in Walmart, caught on video",https://www.cbsnews.com/video/california-woman-attacked-in-walmart-caught-on-video/,2021-03-18 0:00:00,0.01106,0.72756,0.26138,Walmart,irrelevant
3633037,‘Cancel Netflix’ Campaign Backed By Elon Musk Explained,https://www.forbes.com/sites/siladityaray/2025/10/01/musk-doubles-down-on-cancel-netflix-calls-over-trans-character-and-directors-charlie-kirk-post/,2025-10-01 0:00:00,0.011588,0.227807,0.760606,Netflix,irrelevant
10457319,Goldman Sachs believes Trump's tariffs leave U.S. in an 'event-driven' bear market,https://www.cnbc.com/2025/04/08/goldman-says-trumps-tariffs-leave-us-in-an-event-driven-bear-market.html,2025-04-08 0:00:00,0.064753,0.855279,0.079968,Goldman Sachs,irrelevant
5320381,LG Chem shares slide amid electric vehicle battery-fire probe with GM,https://www.oann.com/lg-chem-shares-slide-amid-electric-vehicle-battery-fire-probe-with-gm/?utm_source=rss&utm_medium=rss&utm_campaign=lg-chem-shares-slide-amid-electric-vehicle-battery-fire-probe-with-gm,2021-08-27 0:00:00,0.010786,0.479448,0.509766,General Motors,relevant
3226507,Best and worst moments from the Redskins’ 38-14 loss to the Cowboys,https://www.washingtonpost.com/news/dc-sports-bog/wp/2017/11/30/best-and-worst-moments-from-redskins-cowboys-on-thursday-night-football/,2017-11-30 0:00:00,0.02968,0.88393,0.086391,AT&T,irrelevant
4019523,Microsoft Still Facing Xbox 360 Lawsuit Surrounding Scratched Discs,http://www.ibtimes.com/microsoft-still-facing-xbox-360-lawsuit-surrounding-scratched-discs-1852508,2015-03-19 0:00:00,0.008395,0.1056,0.886005,Microsoft,relevant
10117724,Goldman Sachs to invest $184 million in Brazil storage company: executive,http://feeds.reuters.com/~r/reuters/mergersNews/~3/BIKjzdoDKAU/goldman-sachs-brazil-idUSL1N1A81KR,2016-07-22 0:00:00,0.444527,0.541097,0.014376,Goldman Sachs,relevant
3075475,AT&T-Time Warner Merger: Justice Department Not Stopping Acquisition,http://www.ibtimes.com/att-time-warner-merger-justice-department-not-stopping-acquisition-2580245,2017-08-18 0:00:00,0.052821,0.893838,0.05334,AT&T,relevant
6492152,Uber identifies items most commonly left behind,http://feeds.bizjournals.com/~r/industry_23/~3/CqNXCwHr5XE/the-strange-things-uber-riders-leave-behind.html,2018-03-19 0:00:00,0.03969,0.900907,0.059403,Uber,irrelevant
3350603,Defensive miscue opens door for Mariners as Tigers drop series finale,https://www.mlive.com/tigers/2025/04/defensive-miscue-opens-door-for-mariners-as-tigers-drop-series-finale.html,2025-04-02 0:00:00,0.035722,0.48215,0.482128,AT&T,irrelevant
1755612,Starbucks Barista Fired for Writing 'Pig' on Police Officers' Drinks,https://people.com/food/starbucks-barista-fired-for-writing-pig-on-police-officers-drinks/,2019-12-02 0:00:00,0.001885,0.020842,0.977273,Starbucks,irrelevant
3468327,Marco Antonio Solís and Los Bukis Reunite For First Time in 25 Years For Three Shows,https://www.billboard.com/articles/columns/latin/9586765/marco-antonio-solis-reuniting-los-bukis-for-shows/,2021-06-14 0:00:00,0.171133,0.818366,0.010501,AT&T,irrelevant
3543591,Karl Malone's 'Pedophile' Past Resurfaces After NBA Taps Him to Judge Dunk Contest,https://eurweb.com/2023/karl-malones-pedophile-past-resurfaces-after-nba-taps-him-to-judge-dunk-contest/,2023-02-17 0:00:00,0.011754,0.219297,0.768949,AT&T,irrelevant
7141014,Walmart outlines stages of back-to-office plan,https://www.arkansasonline.com/news/2021/may/22/walmart-outlines-stages-of-back-to-office-plan/,2021-05-22 0:00:00,0.149622,0.841278,0.0091,Walmart,relevant
8578567,Australia could deny Ye a visa because of his antisemitic remarks,https://fortune.com/2023/01/25/australia-could-block-kanye-west-visa-antisemitic-comments/,2023-01-25 0:00:00,0.014882,0.385714,0.599404,Visa Inc.,irrelevant
2967602,Sports On the Air - April 10,http://www.kansascity.com/sports/sports-on-the-air/article70955852.html#storylink=rss,2016-04-09 0:00:00,0.011604,0.985356,0.00304,AT&T,irrelevant
133852,Walmart's ‘Beautiful’ and 'Sturdy' $110 Floor Lamp Is on Sale for Just $38,https://parade.com/shopping/walmart-elemor-home-floor-lamp-sale-august-2025,2025-08-08 0:00:00,0.630111,0.300979,0.06891,Walmart,irrelevant
1075856,2 Trump Stories on Social Media You Shouldn't Believe,http://fortune.com/2019/06/22/donald-trump-fake-news-stories/,2019-06-22 0:00:00,0.018249,0.444421,0.537331,Visa Inc.,irrelevant
4139013,Netflix Oscar Shows Heavy Investment Is Paying Off,https://money.usnews.com/investing/stock-market-news/articles/2018-03-06/netflix-oscar-shows-heavy-investment-is-paying-off,2018-03-06 0:00:00,0.19378,0.697485,0.108735,Netflix,relevant
4707219,Microsoft to Shut Down Skype,https://www.thewrap.com/microsoft-shuts-down-skype-teams/,2025-02-28 0:00:00,0.016706,0.356887,0.626407,Microsoft,relevant
794029,"""60 Minutes"" examines H-1B visas outsourcing American jobs",http://www.cbsnews.com/videos/60-minutes-examines-h-1b-visas-outsourcing-american-jobs/,2017-03-17 0:00:00,0.02241,0.351473,0.626117,Visa Inc.,irrelevant
7257856,Bank of America Sees 10% Further Upside for European Equities by Third-Quarter,https://www.nytimes.com/reuters/2020/06/05/business/05reuters-stocks-europe-bofa.html,2020-06-05 0:00:00,0.59382,0.398708,0.007472,Bank of America,irrelevant
10448571,argenx to Present at Goldman Sachs 46th Annual Global Healthcare Conference,https://www.benzinga.com/pressreleases/25/06/g45738823/argenx-to-present-at-goldman-sachs-46th-annual-global-healthcare-conference,2025-06-03 0:00:00,0.028137,0.965881,0.005982,Goldman Sachs,irrelevant
7292401,Walmart to Stop Offering Single-Use Bags,https://www.thestreet.com/retailers/walmarts-newest-move-will-make-some-customers-angry,2023-01-04 0:00:00,0.08747,0.338125,0.574406,Walmart,relevant
6135324,"City council in Portland, Oregon, gives approval for Uber to operate",http://www.startribune.com/politics/300888281.html,2015-04-22 0:00:00,0.335847,0.62912,0.035033,Uber,relevant
10135625,BRIEF-Janus Capital Group Q3 earnings per share $0.22,http://feeds.reuters.com/~r/news/usmarkets/~3/5ScMPZJ2ffY/idUSASC09CSA,2016-10-25 0:00:00,0.057411,0.916782,0.025807,Goldman Sachs,irrelevant
3208638,At Least 60 Stores Will Keep Their Doors Closed On Thanksgiving Day 2018 — See The List,https://www.inquisitr.com/5098846/at-least-60-stores-will-keep-their-doors-closed-on-thanksgiving-day-2018-see-the-list/,2018-10-02 0:00:00,0.014502,0.956535,0.028963,AT&T,irrelevant
3118082,Big shows headed to the San Antonio area,http://www.mysanantonio.com/entertainment/music-stage/article/Big-shows-headed-to-the-San-Antonio-area-12473020.php,2018-01-04 0:00:00,0.017326,0.979329,0.003345,AT&T,irrelevant
450140,Airbnb hosts are trying to turn away inauguration rioters. One listing added a photo of Michelle Obama.,https://www.washingtonpost.com/lifestyle/2021/01/12/airbnb-inauguration-dc-rental/?utm_source=rss&utm_medium=referral&utm_campaign=wp_lifestyle,2021-01-12 0:00:00,0.387173,0.475671,0.137156,Airbnb,irrelevant
8394723,New Zealand Plans ‘Golden Visa’ Changes to Lure Wealthy Migrants,https://www.bloomberg.com/news/articles/2024-12-12/new-zealand-plans-golden-visa-changes-to-lure-wealthy-migrants,2024-12-12 0:00:00,0.858951,0.093928,0.047121,Visa Inc.,irrelevant
4132111,Everything coming to Netflix in March — and what's leaving,http://www.marketwatch.com/news/story.asp?guid=%7BA410EE36-17F2-11E8-BD81-4DAF66953916%7D&siteid=rss&rss=1,2018-02-22 0:00:00,0.013973,0.969429,0.016598,Netflix,irrelevant
6393817,An Uber Eats Delivery Guy Sent This Woman A Smart Ass Response And People Are Losing It,https://www.buzzfeed.com/tanyachen/this-uber-eats-dude-has-been-through-it,2017-07-18 0:00:00,0.059111,0.040906,0.899984,Uber,irrelevant
4078625,Making a Murderer: Netflix Outshines The Jinx With Stunning True-Crime Saga,https://www.thedailybeast.com/making-a-murderer-netflix-outshines-the-jinx-with-stunning-true-crime-saga,2015-12-22 0:00:00,0.519199,0.228695,0.252107,Netflix,irrelevant
3408658,Christopher Nolan movie 'Tenet' delayed again amid coronavirus outbreak,https://www.reuters.com/article/us-film-tenet-idUSKBN23X0A0?taid=5ef5941a4ce8410001466f58&utm_campaign=trueAnthem%3A+Trending+Content&utm_medium=trueAnthem&utm_source=twitter,2020-06-26 0:00:00,0.009219,0.920072,0.070708,AT&T,irrelevant
3127813,Rory McIlroy Misses Cut at Pebble Beach on Saturday by 2 Strokes,http://bleacherreport.com/articles/2758822-rory-mcilroy-misses-cut-at-pebble-beach-on-saturday-by-2-strokes,2018-02-10 0:00:00,0.016609,0.910424,0.072968,AT&T,irrelevant
213904,Who is Bradford James Gille? What we know about Walmart stabbing suspect,https://www.newsweek.com/who-bradford-james-gilley-what-we-know-about-walmart-stabbing-suspect-2104788,2025-07-27 0:00:00,0.007538,0.668765,0.323696,Walmart,irrelevant
8440699,Plan to end work permits for spouses of skilled visa workers leaves Minnesota families in limbo,http://www.startribune.com/local/471581293.html,2018-01-28 0:00:00,0.042874,0.598139,0.358988,Visa Inc.,irrelevant
4324681,"Accenture, EY, Google, Microsoft And Other Leaders Find Great Value In Employees With Disabilities",https://www.forbes.com/sites/paologaudiano/2017/11/06/workforce-disability-conference/,2017-11-06 0:00:00,0.796835,0.151099,0.052067,Microsoft,irrelevant
32369,Walmart’s new green product label is the most misleading yet,http://grist.org/business-technology/walmarts-new-green-product-label-is-the-most-misleading-yet/?utm_source=syndication&utm_medium=rss&utm_campaign=feed,2015-03-05 0:00:00,0.006634,0.021571,0.971796,Walmart,relevant
6139001,"Uber Accused of Ripping Off Ideas, and Everything Else You Missed",http://feeds.gawker.com/~r/gizmodo/full/~3/pcGv-IgnG34/uber-accused-of-ripping-off-ideas-and-everything-else-1704624250,2015-05-15 0:00:00,0.002635,0.006452,0.990913,Uber,irrelevant
1064479,Lawmakers Question Libra Amid Facebook Privacy Concerns,https://dailycaller.com/2019/06/20/lawmakers-question-facebook-libra/,2019-06-20 0:00:00,0.012913,0.735183,0.251904,Visa Inc.,irrelevant
4241388,Microsoft’s Windows 10 Creators Update will launch April 11,https://techcrunch.com/2017/03/29/microsofts-windows-10-creators-update-will-launch-april-11/?ncid=rss,2017-03-29 0:00:00,0.053023,0.941059,0.005919,Microsoft,relevant
6743837,"Walmart holiday quarter sales rise, ecommerce jumped 43 percent",http://feeds.reuters.com/~r/reuters/companyNews/~3/Q1JK_J2ObjI/walmart-holiday-quarter-sales-rise-ecommerce-jumped-43-percent-idUSL3N20E21J,2019-02-19 0:00:00,0.740386,0.238106,0.021508,Walmart,relevant
2962231,YouTube tunes into T-Mobile's Binge On at last,http://www.cnet.com/news/youtube-google-play-fox-business-red-bull-tv-hops-on-t-mobiles-binge-on-video-streaming-bandwagon/#ftag=CADf328eec,2016-03-17 0:00:00,0.016745,0.967748,0.015507,AT&T,irrelevant
4979994,Court rules GM is shielded from death claims by bankruptcy,http://www.usnews.com/news/business/articles/2015/04/15/court-rules-gm-is-shielded-from-death-claims-by-bankruptcy,2015-04-15 0:00:00,0.054814,0.537451,0.407736,General Motors,relevant
10296433,The CEO of Goldman Sachs cryptically tweeted about the bank's post-Brexit plans in the UK,http://www.businessinsider.com/the-ceo-of-goldman-sachs-cryptically-tweeted-about-the-banks-post-brexit-plans-in-the-uk-2017-10,2017-10-30 0:00:00,null,null,null,Goldman Sachs,relevant
6632045,#DeleteUber: company automates account removal due to demand,https://www.theguardian.com/technology/2017/feb/01/deleteuber-company-automates-account-removal-due-to-demand,2017-02-01 0:00:00,0.004143,0.034842,0.961015,Uber,irrelevant
580999,Is Walmart open on Thanksgiving in Milwaukee? Hours today Black Friday,https://www.jsonline.com/story/news/local/2024/11/28/is-walmart-open-on-thanksgiving-in-milwaukee/76639170007/,2024-11-28 0:00:00,0.027582,0.963349,0.009069,Walmart,irrelevant
2958646,Phil Mickelson: Golfer's trophy drought continues,http://rss.cnn.com/c/35492/f/676954/s/4d9913f2/sc/13/l/0L0Scnn0N0C20A160C0A20C150Cgolf0Cphil0Emickelson0Eatt0Epebble0Ebeach0Epro0Eam0Emissed0Eputt0Cindex0Bhtml0Deref0Frss0Ilatest/story01.htm,2016-02-15 0:00:00,0.019264,0.937136,0.0436,AT&T,irrelevant
4272265,Hold onto your soggy bottoms: 'The Great British Baking Show' is moving to Netflix,http://feeds.latimes.com/~r/latimes/news/local/politics/cal/~3/jZiY2Q6TEXk/la-et-st-great-british-baking-show-netflix-20180824-story.html,2018-08-24 0:00:00,0.313542,0.642574,0.043884,Netflix,irrelevant
8376764,Joe Biden is using every trick in the book to wipe away the Big Stink from his tenure — but nothing is working,https://nypost.com/2025/01/04/opinion/michael-goodwin-joe-biden-has-no-legacy-to-leave-behind/,2025-01-04 0:00:00,0.020826,0.025052,0.954122,Visa Inc.,irrelevant
6324981,No massages? Why Uber's workplace is different than other tech companies,http://rss.cnn.com/~r/rss/cnn_freevideo/~3/LmH_kiq3IF4/index.html,2017-02-13 0:00:00,0.103472,0.549895,0.346632,Uber,irrelevant
3518775,A monumental case looks to crack open the world of auto-warranty robocalls,https://www.cnn.com/2022/08/18/tech/auto-warranty-robocalls-case/index.html,2022-08-18 0:00:00,0.404672,0.407088,0.18824,AT&T,irrelevant
1770804,Starbucks' Valentine's Menu Has Finally Arrived & It Includes 3 New Refreshers,https://www.elitedaily.com/lifestyle/starbucks-blackberry-sage-refreshers-midnight-drink-review,2025-02-03 0:00:00,0.444344,0.51154,0.044116,Starbucks,irrelevant
2899741,San Clemente's issue with renovating beach bathrooms: Beige or white?,http://www.ocregister.com/articles/city-648920-street-pier.html,2015-01-22 0:00:00,0.012505,0.972106,0.015389,AT&T,irrelevant
474435,9 Disturbing Stories From People Who Say They Found Cameras in Their Airbnb,https://gizmodo.com/airbnb-hidden-cameras-shocking-stories-bedroom-night-1851433108,2024-04-26 0:00:00,0.018752,0.680083,0.301165,Airbnb,irrelevant
7387668,"Iran Already Sanitizing Nuclear Site, Intel Warns",https://www.bloomberg.com/view/articles/2015-08-05/iran-already-sanitizing-parchin-nuclear-site-intel-warns,2015-08-05 0:00:00,0.01637,0.969249,0.014381,Intel,irrelevant
7762957,"In light of Apple Silicon, should you buy the new Intel-based 2020 27-inch iMac?",https://www.zdnet.com/article/in-light-of-apple-silicon-should-you-buy-the-new-intel-based-2020-27-inch-imac/#ftag=RSSbaffb68,2020-08-12 0:00:00,0.079037,0.85592,0.065043,Intel,irrelevant
7071049,"Watch: Looters In Philadelphia Run Out Of Walmart With TVs, Electronics",http://www.realclearpolitics.com/video/2020/10/27/watch_looters_in_philadelphia_run_out_of_walmart_with_tvs_electronics.html,2020-10-27 0:00:00,0.024042,0.634199,0.341759,Walmart,irrelevant
4117635,Netflix Just Released a Surprise Sequel to Cloverfield,https://slate.com/culture/2018/02/netflix-just-released-a-surprise-sequel-to-cloverfield.html,2018-02-05 0:00:00,0.448707,0.500386,0.050906,Netflix,irrelevant
8602107,Binance Card Holders Brace for Impact as Mastercard and Visa Reassess Ties,https://www.benzinga.com/markets/cryptocurrency/23/08/34039336/binance-card-holders-brace-for-impact-as-mastercard-and-visa-reassess-ties,2023-08-25 0:00:00,0.558255,0.355724,0.086021,Visa Inc.,relevant
216381,"Walmart Yodel Boy Went on 'Ellen' and It Was, Uh, Something All Right",https://www.vice.com/en_us/article/43bbmj/walmart-yodel-boy-went-on-ellen-and-it-was-uh-something-all-right,2018-04-13 0:00:00,0.178585,0.768313,0.053103,Walmart,irrelevant
2940704,Here Is Your WIRED Star Wars Challenge for Day 168,http://feeds.wired.com/c/35185/f/661370/s/4ac452da/sc/28/l/0L0Swired0N0C20A150C10A0Cstar0Ewars0Echallenge0Eday0E1680C/story01.htm,2015-10-18 0:00:00,0.0534,0.930725,0.015875,AT&T,irrelevant
383015,"Airbnb Drops Camel Rides But Giza’s Already Changing, Here’s What To Know",https://www.forbes.com/sites/emesemaczko/2025/03/05/airbnb-drops-camel-rides-but-gizas-already-changing-heres-what-to-know/,2025-03-05 0:00:00,0.06999,0.649312,0.280698,Airbnb,irrelevant
8354019,Morning Agenda: The Wells Fargo Clawback,http://www.nytimes.com/2017/04/11/business/dealbook/wells-fargo-whole-foods-fed.html,2017-04-11 0:00:00,0.029811,0.408311,0.561878,Wells Fargo,relevant
3356015,"PGA Tour $1 million parlay picks, odds for the 2025 AT&T Pebble Beach Pro-Am: Get an epic return on a $10 bet",https://www.cbssports.com/golf/news/pga-tour-1-million-parlay-picks-odds-for-the-2025-at-t-pebble-beach-pro-am-get-an-epic-return-on-a-10-bet/,2025-01-27 0:00:00,0.143746,0.808837,0.047417,AT&T,irrelevant
3546559,"With DeSantis’s exit, Haley backers in New Hampshire see a flicker of hope.",https://www.nytimes.com/live/2024/01/22/us/election-news-new-hampshire-trump/new-hampshire-haley-voters,2024-01-22 0:00:00,0.11152,0.846677,0.041802,AT&T,irrelevant
3898763,"Netflix's new Drew Barrymore zombie show 'Santa Clarita Diet' is a gory, disgusting mess",http://www.businessinsider.com/netflix-santa-clarita-diet-review-2017-2,2017-02-03 0:00:00,0.016071,0.174881,0.809048,Netflix,irrelevant
3874453,Gilmore Girls: A Year in the Life': What to know before the Netflix revival premieres,https://www.cnet.com/news/gilmore-girls-netflix-a-year-in-the-life-what-to-know/#ftag=CADf328eec,2016-11-23 0:00:00,0.029015,0.9464,0.024584,Netflix,irrelevant
8598861,"Melanie Lynskey, Buffy The Vampire Slayer Willow Audition",https://www.buzzfeed.com/morganmurrell/melanie-lynskey-buffy-vampire-slayer-audition-willow,2023-07-20 0:00:00,0.021777,0.964938,0.013285,Visa Inc.,irrelevant
745204,"Affidavit: Texas Chick-fil-A supervisor stole more than $100,000 over 3 years from restaurant",http://www.mysanantonio.com/news/local/crime/article/Affidavit-Chick-Fil-A-manager-stole-more-than-8401691.php,2016-07-22 0:00:00,0.005736,0.233112,0.761153,Visa Inc.,irrelevant
9529269,Made my night': Starbucks customer says barista gave her 3 extra-large Strawberry Açaí drinks for free after she only asked for a cup of water,https://www.dailydot.com/news/starbucks-free-strawberry-acai/,2023-04-29 0:00:00,0.288134,0.637334,0.074532,Starbucks,irrelevant
7195126,"Companies unlikely to require COVID-19 vaccine, Walmart CEO says",https://www.rollcall.com/2021/01/25/companies-unlikely-to-require-covid-19-vaccine-walmart-ceo-says/,2021-01-25 0:00:00,0.018566,0.970526,0.010908,Walmart,relevant
4304292,"Marvel’s ‘Iron Fist’ Canceled By Netflix, There Will Be No Season 3 For Danny Rand & Company",https://www.inquisitr.com/5114693/marvels-iron-fist-canceled-by-netflix-there-will-be-no-season-3-for-danny-rand-company/,2018-10-13 0:00:00,0.011076,0.922056,0.066868,Netflix,irrelevant
8346622,"TwinSpires offer code for Preakness Stakes 2025: Get up to $400 in bonus funds, site review, promos",https://www.cbssports.com/general/news/twinspires-offer-code-for-preakness-stakes-2025-get-up-to-400-in-bonus-funds-site-review-promos/,2025-05-15 0:00:00,0.329829,0.653796,0.016376,Visa Inc.,irrelevant
7344791,"Bank of America grants $250,000 to fine arts museum",https://www.arkansasonline.com/news/2022/nov/12/bank-of-america-grants-250000-to-fine-arts-museum/,2022-11-12 0:00:00,0.743758,0.246504,0.009738,Bank of America,irrelevant
4621624,Game of Thrones Creators David Benioff and D.B. Weiss Sign Massive Overall Deal With Netflix,https://io9.gizmodo.com/game-of-thrones-creators-david-benioff-and-d-b-weiss-s-1837048258,2019-08-07 0:00:00,0.408959,0.570523,0.020518,Netflix,relevant
7534699,Cramer: I have faith others can take charge at Intel after Brian Krzanich's ouster,https://www.cnbc.com/2018/06/21/cramer-others-can-take-charge-at-intel-after-krzanich-ouster.html,2018-06-21 0:00:00,0.312833,0.546648,0.140519,Intel,relevant
3569678,Speed Read: Comedian Maria Bamford Takes Us Inside Her Darkest Thoughts,https://www.thedailybeast.com/maria-bamfords-new-book-takes-us-inside-her-darkest-thoughts,2023-09-05 0:00:00,0.105587,0.837187,0.057226,AT&T,irrelevant
10144227,Why Bernie Sanders should talk A LOT more about Hillary Clinton and Goldman Sachs,https://www.washingtonpost.com/news/the-fix/wp/2016/01/25/heres-bernie-sanders-best-closing-argument-against-hillary-clinton-in-iowa/?postshare=7651453815657229&tid=ss_tw,2016-01-25 0:00:00,null,null,null,Goldman Sachs,irrelevant
3318928,Doubts Linger About CBS-Viacom Merger,https://www.forbes.com/sites/jonathanberr/2019/08/14/doubts-linger-about-cbs-viacom-merger/,2019-08-14 0:00:00,0.012487,0.972217,0.015296,AT&T,irrelevant
8112301,ICE says detained Maine police officer overstayed visa. The chief says he cleared a federal check,https://www.inquirer.com/wires/ap/ice-says-detained-maine-police-officer-overstayed-visa-chief-says-he-cleared-federal-check-20250729.html,2025-07-29 0:00:00,null,null,null,Visa Inc.,irrelevant
3021900,Alabama-Clemson: How did ESPN do in national championship?,http://www.cleveland.com/entertainment/index.ssf/2017/01/alabama-clemson_how_did_espn_d.html,2017-01-10 0:00:00,0.017312,0.957117,0.025571,AT&T,irrelevant
6225097,"""Really ruined my day for no reason"": Uber rider says driver deliberately sabotaged her trip to critical sonogram appointment",https://www.dailydot.com/news/uber-driver-deliberately-late-appointment/,2025-08-21 0:00:00,0.019242,0.321148,0.65961,Uber,irrelevant
5207044,Teamsters refusing to transport GM vehicles in solidarity with UAW,https://www.foxbusiness.com/industrials/teamsters-refusing-transport-gm-vehicles-solidarity-with-uaw,2019-09-15 0:00:00,0.019627,0.444604,0.53577,General Motors,relevant
