variable,coef,se_hc1,t_stat,p_value_hc1,ci95_low_hc1,ci95_high_hc1,month_label,se_day_cluster,t_stat_day_cluster,p_value_day_cluster,ci95_low_day_cluster,ci95_high_day_cluster
event_m24,0.04826263833037916,0.017913125889447462,2.6942611037423934,0.0070544877488012275,0.013152911587062131,0.08337236507369619,m24,0.01805474608405035,2.67312750374344,0.007514768197251096,0.012875336005640475,0.08364994065511784
event_m23,0.02183997465863899,0.017943628988681317,1.2171436821623682,0.22354955322484585,-0.01332953815917639,0.05700948747645437,m23,0.016028022891746343,1.3626118958118982,0.17300485775706,-0.009574950209183843,0.05325489952646182
event_m22,0.007669099719639805,0.017048049330534564,0.4498520370834315,0.652817133369126,-0.025745076968207943,0.04108327640748755,m22,0.016259361796018033,0.4716728624316602,0.637160310198128,-0.02419924940055554,0.03953744883983515
event_m21,0.009442403921687534,0.01909358430925729,0.494532811061017,0.6209299399969231,-0.027981021324456755,0.04686582916783182,m21,0.02029145092017581,0.4653390217798049,0.641688694565191,-0.03032883988185705,0.04921364772523212
event_m20,0.050220336721685764,0.017347844980220427,2.8949034752700245,0.003792751391609299,0.016218560560453725,0.08422211288291781,m20,0.01601593047179431,3.13564902208641,0.0017147428457073533,0.01882911299696892,0.08161156044640261
event_m19,0.033672869223755245,0.018834594184369783,1.7878202680734827,0.07380500979807439,-0.0032429353776095293,0.07058867382512002,m19,0.018309586315406294,1.839084108384348,0.06590281603477678,-0.0022139199544410904,0.06955965840195158
event_m18,0.02715636884624882,0.017214059462991548,1.5775691320593037,0.11466462845519641,-0.0065831877012146114,0.060895925393712254,m18,0.016936040724814052,1.6034661989481596,0.10883176589479757,-0.0060382709743867224,0.060351008666884365
event_m17,0.025250590074120546,0.01761489602388056,1.4334793710895744,0.15172089009227552,-0.009274606132685347,0.05977578628092644,m17,0.01592660861578142,1.585434205314755,0.11286771471766602,-0.005965562812811038,0.05646674296105213
event_m16,0.026177655490147403,0.02054565394627067,1.2741213085066596,0.20262042777150877,-0.01409182624454311,0.06644713722483792,m16,0.02229170884395894,1.1743225103732482,0.24026587018816425,-0.01751409384401212,0.06986940482430692
event_m15,0.04640010251713908,0.018526715477290394,2.504496955977719,0.01226256604558462,0.010087740181649908,0.08271246485262826,m15,0.019922430931822513,2.3290381919720065,0.01985704252513834,0.007352137890766955,0.0854480671435112
event_m14,-0.002436203231844389,0.0226942817519193,-0.10734876998864942,0.9145122951874768,-0.046916995465606216,0.04204458900191744,m14,0.020767216908111934,-0.1173100489402977,0.906614362112937,-0.04313994837174378,0.038267541908055
event_m13,0.02987028880406415,0.018062102069084242,1.653754844802435,0.09817733411818397,-0.005531431251340965,0.06527200885946927,m13,0.017439683149540277,1.7127770354504148,0.08675356649065565,-0.004311490169034794,0.0640520677771631
event_m12,0.0216916722014373,0.018045379920268962,1.202062372600576,0.22933936333128505,-0.013677272442289869,0.05706061684516447,m12,0.018214327978032418,1.1909125732005468,0.23368790809997014,-0.014008410635506237,0.057391755038380836
event_m11,-0.009013027120687855,0.01782319989724112,-0.5056907386244933,0.6130737708544312,-0.04394649891928045,0.02592044467790474,m11,0.020398863634479788,-0.4418396672574112,0.6586052318191444,-0.04899479984426824,0.030968745602892526
event_m10,0.02068698965521648,0.017339871861463293,1.193030134276363,0.2328575715160536,-0.013299159193251572,0.054673138503684535,m10,0.015462528498543925,1.337878837679396,0.1809359367171797,-0.009619566201929611,0.05099354551236257
event_m9,0.02932513525119155,0.017362630161762364,1.6889800092484923,0.09122326098871136,-0.004705619865862681,0.06335589036824578,m9,0.017166144833769013,1.708312235226137,0.08757842224021287,-0.004320508622995718,0.06297077912537882
event_m8,0.012112729132786909,0.017111759205376536,0.7078599568524243,0.479032228659104,-0.0214263189097511,0.04565177717532492,m8,0.01745537054422868,0.6939256375048295,0.4877288447056045,-0.022099797133901304,0.04632525539947512
event_m7,0.014819766899481196,0.016664204853574505,0.8893173739581296,0.37383253674379385,-0.017842074613524835,0.047481608412487226,m7,0.01660867172507131,0.8922909155408433,0.3722370222455754,-0.017733229681658573,0.047372763480620965
event_m6,0.03175733057552763,0.017200605129094427,1.8462914727232962,0.06484989523796598,-0.0019558554774974438,0.06547051662855272,m6,0.016768163484719323,1.8939063067024486,0.05823744724444994,-0.0011082698545222397,0.0646229310055775
event_m5,0.022420938075873892,0.016669187633939375,1.3450528345018828,0.1786081730588674,-0.010250669686647285,0.05509254583839507,m5,0.015085587656390564,1.4862489010413806,0.13721329722301098,-0.007146813730651614,0.051988689882399394
event_m4,0.010286970983571293,0.01725230497303368,0.596266469880425,0.5509972269150232,-0.02352754676357472,0.04410148873071731,m4,0.01749588264973127,0.5879652481396415,0.5565556190893941,-0.024004959009901995,0.04457890097704458
event_m3,0.03442480829821162,0.017044554840628817,2.019695358435164,0.043414996861934445,0.0010174808105791466,0.0678321357858441,m3,0.0173582482789091,1.9831959852791718,0.04734554217749998,0.0004026416715497902,0.06844697492487345
event_m2,-0.005737441226605106,0.018327718929222688,-0.31304720727995367,0.7542447970427383,-0.041659770327881575,0.030184887874671364,m2,0.017656032039162405,-0.3249564349384409,0.7452140436933872,-0.04034326402336342,0.028868381570153208
event_m0,0.03103195234164026,0.018353695601335613,1.6907740553015405,0.09087996417571052,-0.0049412910369775395,0.06700519572025807,m0,0.020068125335199638,1.5463304032295428,0.12202479291035284,-0.00830157331535103,0.07036547799863155
event_p1,-0.017556175689769568,0.01931267567793188,-0.9090493716430282,0.3633240652780044,-0.05540902001851605,0.020296668638976917,p1,0.016948562461258337,-1.035850428607154,0.30027192701819494,-0.050775358113835906,0.01566300673429677
event_p2,0.0312960990583729,0.0184260726714784,1.6984682312045762,0.08941942375095159,-0.0048190033777247634,0.06741120149447055,p2,0.01823638952937732,1.7161346004348867,0.08613740969737219,-0.004447224419206648,0.06703942253595244
event_p3,0.04215180569583046,0.019167880398456582,2.199085387616701,0.027871851350692835,0.004582760114855561,0.07972085127680537,p3,0.01872028059809188,2.251665271519857,0.024343432876045713,0.005460055723570376,0.07884355566809055
event_p4,0.042008118356389346,0.017429516499454286,2.4101711804630157,0.015945037245075486,0.007846266017458949,0.07616997069531975,p4,0.018727339986643443,2.243143894773632,0.02488753688412028,0.0053025319825682,0.0787137047302105
event_p5,0.046121520430918654,0.018136856960206792,2.5429720558590536,0.010991401908955202,0.010573280788913342,0.08166976007292397,p5,0.020559615925240214,2.2433065188876955,0.024877055293159478,0.005824673217447833,0.08641836764438948
event_p6,0.03219712991088764,0.018247876478389304,1.7644316010697594,0.07765934166715488,-0.00356870798675539,0.06796296780853067,p6,0.018468610023413295,1.7433434281231899,0.08127364372389019,-0.0040013457350024165,0.0683956055567777
event_p7,0.07443883910911203,0.017365520915390183,4.286588318991379,1.8143808660567452e-05,0.040402418114947276,0.1084752601032768,p7,0.017129248591100776,4.345715383439851,1.3882247774042833e-05,0.04086551187055451,0.10801216634766955
event_p8,0.08414945583373935,0.017984577281531775,4.678978800360895,2.8830724697173454e-06,0.048899684361937076,0.11939922730554163,p8,0.018551946744695326,4.535882783180193,5.736303475168372e-06,0.04778764021413651,0.1205112714533422
event_p9,0.08190756327343174,0.01775417737239286,4.613424860832764,3.960874946370479e-06,0.047109375623541734,0.11670575092332175,p9,0.017821343777649597,4.596037442258144,4.306013545513216e-06,0.046977729469238526,0.11683739707762494
event_p10,0.07773943343253811,0.018590149284376186,4.181754123829068,2.8926869649636463e-05,0.04130274083516079,0.11417612602991543,p10,0.01811809349229743,4.290707157769529,1.7810505302259816e-05,0.04222797018763515,0.11325089667744108
event_p11,0.049968403657444954,0.018623558590118345,2.6830749566819185,0.007294863819166084,0.013466228820812998,0.08647057849407691,p11,0.018370742682601814,2.7199991051405887,0.0065282092983938765,0.013961747999545401,0.08597505931534451
event_p12,0.06405373615013335,0.01879665361454175,3.407720196566219,0.0006550803006561456,0.02721229506563152,0.10089517723463517,p12,0.01751387103954794,3.6573145939863374,0.00025487149194949047,0.029726548912619388,0.09838092338764731
event_p13,0.09350685053133428,0.01850580451394769,5.052838986862682,4.3529084126277033e-07,0.05723547368399681,0.12977822737867176,p13,0.01829591893660169,5.110803718323775,3.2079114043418836e-07,0.057646849415594975,0.1293668516470736
event_p14,0.05350582285043152,0.018845701614508464,2.8391526059841556,0.004523351837524468,0.01656824768599493,0.09044339801486811,p14,0.019419064547489623,2.7553244245922452,0.0058633964437871285,0.015444456337351857,0.09156718936351119
event_p15,0.07997436658057505,0.01864525188127102,4.28926179650641,1.792679641182157e-05,0.04342967289328385,0.11651906026786625,p15,0.01895757335251005,4.218597237815048,2.4582695079751304e-05,0.04281752280965535,0.11713121035149475
event_p16,0.09945389823201181,0.01777113367067496,5.596373313882934,2.1888212852422143e-08,0.06462247623748889,0.13428532022653472,p16,0.01692268968685732,5.876955736489736,4.178798857786013e-09,0.06628542644577147,0.13262237001825217
event_p17,0.07478550817492433,0.0181666115404893,4.116645969351203,3.8442589256448807e-05,0.0391789495555653,0.11039206679428334,p17,0.018134359038980745,4.123967547690492,3.724013865274535e-05,0.039242164458522064,0.11032885189132659
event_p18,0.055498642442804336,0.01878073948643218,2.9550829179489106,0.0031258502752631477,0.01868839304939726,0.09230889183621141,p18,0.019210733926325583,2.888939207405883,0.0038654379609843474,0.017845603947206197,0.09315168093840248
event_p19,0.05451900209636179,0.0180799364903529,3.0154421242271545,0.0025660490583674076,0.019082326575270113,0.08995567761745346,p19,0.018747201793527225,2.9081141120049905,0.003636156282580213,0.01777448658104843,0.09126351761167514
event_p20,0.07648083631590827,0.017817482902428364,4.292460205222625,1.767042275624931e-05,0.04155856982714867,0.11140310280466786,p20,0.018175581073960386,4.2078894757032055,2.5776687981075767e-05,0.040856697410945914,0.11210497522087062
event_p21,0.07534440676256698,0.01907119877927129,3.950690653198985,7.792599341274861e-05,0.03796485715519526,0.1127239563699387,p21,0.018396756180666066,4.095526734313609,4.212096147146997e-05,0.039286764648461495,0.11140204887667247
event_p22,0.05895211950723272,0.019180021181200713,3.0736211889596143,0.0021147777410667297,0.021359277992079324,0.0965449610223861,p22,0.01853867830723615,3.1799526660011197,0.0014729911067991306,0.022616310025049866,0.09528792898941557
event_p23,0.05093671152570711,0.019713484809863593,2.5838512072822892,0.009770393497349917,0.012298281298374472,0.08957514175303975,p23,0.017806228154213243,2.8606120894645874,0.0042282405467178414,0.016036504343449158,0.08583691870796506
event_p24,0.050394082102478276,0.01870493306257763,2.6941599808929615,0.007056628505867108,0.013732413299826121,0.08705575090513043,p24,0.019126546647512704,2.634771609909609,0.008419391306109317,0.012906050673353375,0.08788211353160318
article_volume,-0.0005716032361031251,0.00011686776016428328,-4.891025850924253,1.0031178752299797e-06,-0.0008006640460251203,-0.0003425424261811298,article_volume,0.00011586775471000092,-4.933238220881725,8.087741413314444e-07,-0.0007987040353347269,-0.0003445024368715232
