id,title,company_name,label,source
4646679,Microsoft beats Amazon for Pentagon's $10 bln cloud computing contract,Microsoft,relevant,gold_manual
3489239,House Votes to Expand Legal Safeguards for LGBTQ People,AT&T,irrelevant,gold_manual
2961496,Frequent NSA collaborator AT&T is backing Apple in its fight against the FBI,AT&T,relevant,gold_manual
7932040,Intel officials warned well before Tower 22 attack of increased risks from drones,Intel,irrelevant,gold_manual
4467588,Microsoft brings 'Known Folder Migration' feature to OneDrive consumer users,Microsoft,irrelevant,gold_manual
123333,Walmart To Ban Woman Caught On Viral Racist Rant Video,Walmart,irrelevant,gold_manual
381997,Why did it take us messaging?': Louisiana woman books Airbnb in France. Then she learns what the owner did with the property,Airbnb,irrelevant,gold_manual
7109758,Halloween pet costumes at Walmart,Walmart,irrelevant,gold_manual
6483519,Uber driver charged with raping unconscious 17-year-old in Orange County,Uber,irrelevant,gold_manual
250473,Airbnb asked to disclose data on 172 users so far this year,Airbnb,irrelevant,gold_manual
3295123,"Fore! Here Comes Tony Romo, The Golfer, Again.",AT&T,irrelevant,gold_manual
7908289,NY Post scorches ‘fake’ intel letter used to sink laptop story: ‘Actual disinfo operation’ helped Biden,Intel,irrelevant,gold_manual
4190801,Microsoft is allegedly creating a Slack competitor,Microsoft,irrelevant,gold_manual
1004237,13 ways to give the gift of Mackinac Island,Visa Inc.,irrelevant,gold_manual
1708661,Starbucks Just Revealed The Ideal Drink For Each Zodiac Sign,Starbucks,irrelevant,gold_manual
7087340,"Bank of America, M and others disclose gap between CEO and employee pay",Bank of America,irrelevant,gold_manual
236428,"How Goldman Sachs, UBS, and more reacted to Walmart's $10 billion 'Black Swan' deal to sell Asda",Walmart,relevant,gold_manual
44709,"Sean Hannity: If Walmart stops selling Confederate flags, they should stop selling rap music too",Walmart,irrelevant,gold_manual
4297741,Apple takes another step into Microsoft's core territory with Accenture deal,Microsoft,irrelevant,gold_manual
782429,Harvey Weinstein Taps Trump’s Travel Ban for New ‘Lion’ Oscar Messaging,Visa Inc.,irrelevant,gold_manual
7366870,here's everything I'd buy at Walmart's Black Friday sale,Walmart,irrelevant,gold_manual
4813282,Microsoft just introduced an ambitious subscription plan that makes the Xbox the best deal in gaming,Microsoft,relevant,gold_manual
7935361,Intel’s Stock Stock Rallied 91% This Year. Here’s What Drives It Higher in 2024.,Intel,irrelevant,gold_manual
426333,Shooting at Walmart in El Paso: multiple fatalities,Walmart,irrelevant,gold_manual
7047614,‘This is why I don’t like Goodwill’: Shopper finds Walmart clearance sweater tagged at $3. Then she sees how much Goodwill is selling it for,Walmart,irrelevant,gold_manual
5207105,GM Strike after a week: Sales hold up while parts shortages loom,General Motors,relevant,gold_manual
8424613,How grocery stores restock shelves in the age of coronavirus,Visa Inc.,irrelevant,gold_manual
6672902,"Uber, Private Ride Drivers to Sue Mayor of London for Discrimination",Uber,irrelevant,gold_manual
10490726,We talked to the execs behind Bloomberg's new data partnership with Goldman Sachs. Here's why they think it's a sign of Wall Street's future.,Goldman Sachs,relevant,gold_manual
3108760,Verizon accused of violating net neutrality rules by throttling video,AT&T,irrelevant,gold_manual
2566740,"EMMY® Winner Rushion McDonald Celebrates Five Years of Money Making Conversations Master Class, With Special Broadcast on September 27th",McDonald's,irrelevant,gold_manual
8363082,NYC becomes latest city to cut back on ties with Wells Fargo,Wells Fargo,relevant,gold_manual
3411762,Galaxy Z Flip 5G now up for preorder if you’d rather not wait for the Note 20,AT&T,irrelevant,gold_manual
1017168,Activists: 1st Amendment Rights Of Undocumented Immigrants Are Often Violated,Visa Inc.,irrelevant,gold_manual
584249,"Samsung's Most Luxurious TV Is $2,500 Off at Walmart for Presidents Day",Walmart,irrelevant,gold_manual
8362680,U.S. detention of European and Canadian tourists creates fear over traveling to America,Visa Inc.,irrelevant,gold_manual
3397410,Visiongain Publishes Top 20 Connected Aircraft Companies 2020 Report,AT&T,irrelevant,gold_manual
6428710,"Sidecar – Uber, Lyft Competitor in Ride-Sharing – Goes Belly Up",Uber,irrelevant,gold_manual
1025677,His son was killed by the Mexican cartel. This father was faced with the decision: Move or die,Visa Inc.,irrelevant,gold_manual
3367111,Where to watch 49ers vs Dolphins game today: Free live stream,AT&T,irrelevant,gold_manual
3027670,The FCC OKs Streaming for Free—But Net Neutrality Will Pay,AT&T,irrelevant,gold_manual
7431643,‘This is a gut check time’: Dan Rather demands Congress make Trump’s intel fiasco their ‘top priority’,Intel,irrelevant,gold_manual
8498873,From Russia with love: Successful KHL season could relaunch Wideman's NHL career,Visa Inc.,irrelevant,gold_manual
3576276,"MetLife gets '26 WC final, USMNT kicks off in L.A.",AT&T,irrelevant,gold_manual
4693982,"Gugu Mbatha-Raw, Richard Madden to Star in Netflix Thriller ‘Trinity’",Netflix,irrelevant,gold_manual
3136150,"Spurs brace for red-hot Davis, Pelicans",AT&T,irrelevant,gold_manual
3977873,"Netflix's Grand, Daring, Maybe Crazy Plan to Conquer the World",Netflix,irrelevant,gold_manual
5144297,Lordstown shifts gear to shakier future after GM announcement,General Motors,irrelevant,gold_manual
437672,Skillz Hires Airbnb Executive Ian Lee As CFO,Airbnb,irrelevant,gold_manual
6667230,Uber lawyer says class action trial in California could set a risky...,Uber,relevant,gold_manual
226236,"Chobani partners with Airbnb, MasterCard to help end refugee crisis",Airbnb,irrelevant,gold_manual
3486973,"Democrats question TV carriers' decisions to host Fox, OAN and Newsmax, citing 'misinformation'",AT&T,irrelevant,gold_manual
4061011,Why Did Netflix Decide to Move Forward With a Final Season of House of Cards?,Netflix,irrelevant,gold_manual
6969880,Prosecutors: South Carolina man killed Uber rider in 2019,Uber,irrelevant,gold_manual
1870457,Starbucks union workers in Buffalo walk out over ‘unsafe’ conditions,Starbucks,relevant,gold_manual
10532856,Post Holdings Appoints Dorothy M. Burwell To Board Of Directors,Goldman Sachs,irrelevant,gold_manual
2887384,"Apple Has New iPhone Satellite Features in the Works, Report Says",Apple Inc.,irrelevant,gold_manual
3405712,Mike Perry says he wasn't drug tested vs. Jake Paul: 'I was surprised',AT&T,irrelevant,gold_manual
3989525,Microsoft’s Last Windows Update For 600 Million Users—Act Now,Microsoft,irrelevant,gold_manual
3175755,Are mergers good or bad for the economy?,AT&T,irrelevant,gold_manual
11895448,Fedex Expects Fewer Packages During Holiday Season,FedEx,relevant,gold_manual
8575384,A Trump Manhattan hush money conviction would punch a hole in his election hopes: report,Visa Inc.,irrelevant,gold_manual
7147377,"Walmart Deals for Days sale is live – TVs, AirPods, Instant Pot, laptops, and more",Walmart,irrelevant,gold_manual
4764892,How Everyday Life in a Real Arctic Community Inspired Netflix’s North of North,Netflix,irrelevant,gold_manual
2932045,59 Twists & Turns to Verizon's Calculated Play to Go Wireless and to Dismantle & Trash the State-Based Wired Utilities,AT&T,irrelevant,gold_manual
5105715,China Seen Hitting GM On Price Fixing Amid Trump Rhetoric | Stock News Stock Market Analysis,General Motors,relevant,gold_manual
714615,Giants manager Bruce Bochy recovering from shoulder surgery,Visa Inc.,irrelevant,gold_manual
3048783,Carmelo Anthony Sends Love to La La Amid Split Drama,AT&T,irrelevant,gold_manual
962852,Report: Visa Overstays More Common Than Illegal Border Entries; Mexicans The Most Likely to Overstay,Visa Inc.,irrelevant,gold_manual
3744784,"Netflix's '13 Reasons Why,' TNT's 'Animal Kingdom' Receive California Tax Credits",Netflix,irrelevant,gold_manual
7414030,Intel Buys Mobileye for $15.3bn,Intel,relevant,gold_manual
7443461,Intel officials detail how Russian cyberattacks sought to interfere with U.S. elections,Intel,irrelevant,gold_manual
1016953,"21 Savage Is Released After Immigration Arrest, Lawyer Says",Visa Inc.,irrelevant,gold_manual
3615230,New on Netflix in November 2025 — The Full List of Movies and TV Shows,Netflix,irrelevant,gold_manual
4187894,Microsoft’s iPhone keyboard takes aim at Google with new built-in search,Microsoft,irrelevant,gold_manual
147514,"Walmart is selling a $110 Coca-Cola mini fridge for only $50, and it has a built-in Bluetooth speaker",Walmart,irrelevant,gold_manual
499306,"Watch Out Walmart, Amazon Is Making Inroads In Grocery",Walmart,irrelevant,gold_manual
876363,"Trading GE after earnings. Plus, the trade on Kroger & Novartis",Visa Inc.,irrelevant,gold_manual
2330953,"McDonald's workers, teachers rally in separate suburban May Day events",McDonald's,irrelevant,gold_manual
3561075,Lakers fall to Spurs in their California Classic finale,AT&T,irrelevant,gold_manual
6711493,"Uber drives onto Wall Street, but stock sinks below its IPO price",Uber,relevant,gold_manual
7401497,Aide says Trump 'accepts' US intel blaming Russia for hack,Intel,irrelevant,gold_manual
6112078,"Uber's Clever, Hidden Move: How Its Latest Fare Cuts Can Actually Lock In Its Drivers",Uber,irrelevant,gold_manual
7029033,Mid-Michigan Walmart store listed as possible coronavirus exposure site,Walmart,irrelevant,gold_manual
3274627,Astros to open 2018 season on the road against Rangers,AT&T,irrelevant,gold_manual
8352586,International students fight visa revocations and detentions in new federal lawsuits,Visa Inc.,irrelevant,gold_manual
4484141,"What To Watch On Netflix When It Snows, Based On Your Zodiac Sign",Netflix,irrelevant,gold_manual
9207244,Morgan Stanley Analyst Sees Long-term Growth Opportunities in Undervalued FIS Stock,Morgan Stanley,irrelevant,gold_manual
4661164,This Is How Much Netflix We're All Watching Every Day,Netflix,irrelevant,gold_manual
8117741,Athletics: Kenya's Korir misses out on visa for world championships,Visa Inc.,irrelevant,gold_manual
410976,Airbnb releases Enhanced Cleaning Protocol handbook,Airbnb,irrelevant,gold_manual
7306492,Skanska sells remaining stake in Bank of America Tower downtown,Bank of America,irrelevant,gold_manual
3418018,Samsung’s Galaxy Z Flip 3 is up to $500 off at Best Buy,AT&T,irrelevant,gold_manual
5122139,Morgan Stanley Restricts Coverage as Marchionne Eyes GM Deal,General Motors,irrelevant,gold_manual
3283425,Honoree tours Easterseals facilities,AT&T,irrelevant,gold_manual
7866688,Announcing Android Cloud Gaming Media Processing Delivery Solutions Based on the New Intel Data Center GPU Codenamed Arctic Sound-M,Intel,relevant,gold_manual
4635592,"Security startup Synack scores $21M investment from Microsoft, HPE and Singtel",Microsoft,irrelevant,gold_manual
2455117,A&E's 'Shipping Wars' features McDonald Auto Group owner and his World War 2 duck boat,McDonald's,irrelevant,gold_manual
3379734,Making a point about knives,AT&T,irrelevant,gold_manual
3441617,Bears vs. Panthers game today: Watch NFL Week 5 live stream free,AT&T,irrelevant,gold_manual
3172583,Fitbit employees charged with having stolen trade secrets,AT&T,irrelevant,gold_manual
3295718,Is Winter Finally Coming? HBO Braces for Post-'Game of Thrones' Landscape,AT&T,irrelevant,gold_manual
3003493,Dak Prescott leads Dallas Cowboys vs. hurting Chicago Bears,AT&T,irrelevant,gold_manual
7312095,Score an Apple Watch Series 7 for $299 at Walmart,Walmart,irrelevant,gold_manual
1004065,Milwaukee movies off the grid: April 21-23,Visa Inc.,irrelevant,gold_manual
6532294,"Uber safety driver of fatal self-driving crash was watching Hulu, not the road",Uber,irrelevant,gold_manual
6147129,California labor commission rules Uber drivers are employees,Uber,relevant,gold_manual
11910991,Stifel Maintains Buy Rating for FedEx: Here's What You Need To Know,FedEx,irrelevant,gold_manual
8630124,Regulator Blasts Wells Fargo for Deceptive Auto Insurance Program,Wells Fargo,relevant,gold_manual
3092975,The DOJ's AT&T-Time Warner case is political: Bibb,AT&T,irrelevant,gold_manual
7044782,"LIVESTREAMING SOCIAL COMMERCE PROVIDER, TALKSHOPLIVE, TEAMS UP WITH WALMART",Walmart,irrelevant,gold_manual
2944401,"Five thoughts: Texas Tech football announces 2016 schedule, including early road test, jam-packed finish",AT&T,irrelevant,gold_manual
10535791,Netflix Q2 Earnings Preview: Can the Streaming Giant's Run Continue?,Netflix,relevant,gold_manual
920242,EVTC Stock Price - Evertec Inc. Stock Quote (U.S.: NYSE),Visa Inc.,irrelevant,gold_manual
637595,Baptists and Walmart criticize rebel-themed Mississippi flag,Walmart,irrelevant,gold_manual
2572566,McDonald's All American Girls Game preview: Game plans and roster comparisons,McDonald's,irrelevant,gold_manual
640075,"Sony's best noise-cancelling headphones are $72 off right now at Amazon, Best Buy, and Walmart",Walmart,irrelevant,gold_manual
3016206,Celebrate closer EU union? Not with all that division,AT&T,irrelevant,gold_manual
3530239,Metallica Announce 2023-2024 World Tour,AT&T,irrelevant,gold_manual
812689,Visa dreams of turning your entire home into a cash register,Visa Inc.,relevant,gold_manual
7959892,U.S. swimmers' tall tale touches a raw nerve in Brazil,Visa Inc.,irrelevant,gold_manual
208082,"Don't let the sharing economy of Uber, Airbnb become the scofflaw economy",Airbnb,irrelevant,gold_manual
7810726,Trump apparently confirms sharing classified intel with Russians,Intel,irrelevant,gold_manual
3127376,New Cricket Wireless store opens in Harrisonville,AT&T,irrelevant,gold_manual
10334387,"If the trade situation worsens, look for stocks with this characteristic, Goldman Sachs says",Goldman Sachs,irrelevant,gold_manual
6322252,8 key findings on marijuana consumer trends from the 'Uber for weed',Uber,irrelevant,gold_manual
789418,"The Fatal Flaw in Trump’s Kinder, Gentler Travel Ban",Visa Inc.,irrelevant,gold_manual
8403808,The US canceled my mother's visa as she tried to visit her first grandchild,Visa Inc.,irrelevant,gold_manual
3379290,How to watch Ohio State football vs. Michigan FREE STREAM today,AT&T,irrelevant,gold_manual
8569626,Naperville News Digest,Visa Inc.,irrelevant,gold_manual
8427228,Exclusive-- Jim Jordan: Moderate and Conservative Reps. Frustrated with Speaker Ryan,Visa Inc.,irrelevant,gold_manual
4462657,Fuller House' Renewed for Fifth and Final Season on Netflix (Video),Netflix,irrelevant,gold_manual
7994637,Ex-leader of drug ring convicted in New Mexico homicide case,Visa Inc.,irrelevant,gold_manual
4378828,Justin Timberlake's new Netflix trailer will rock your body,Netflix,irrelevant,gold_manual
4349266,"Facebook denies giving Spotify, Netflix, other tech giants wider access to data without user permission",Netflix,irrelevant,gold_manual
3292775,5G networks are almost upon us. Will you be an early adopter?,AT&T,irrelevant,gold_manual
5144159,Trump says new auto tariffs being mulled after GM restructuring,General Motors,irrelevant,gold_manual
1573662,A Starbucks drive-thru could soon serve City College and Land Park,Starbucks,irrelevant,gold_manual
10409194,Goldman Sachs bought Commerzbank's claim in Saudi's biggest debt...,Goldman Sachs,relevant,gold_manual
4762085,Netflix Sets Screening Series ‘1975: Fifty Is the New Hollywood’ at Los Angeles’ Egyptian Theatre,Netflix,irrelevant,gold_manual
5354364,Andretti Partnering With GM For F1 Entry,General Motors,relevant,gold_manual
7340044,Intel's president on why it's critical to steer girls toward tech,Intel,irrelevant,gold_manual
4480445,Get Microsoft Office 2019 on sale for just A$30 — pay once and use it forever,Microsoft,irrelevant,gold_manual
2952771,Meet the humans of the world’s biggest tech show,AT&T,irrelevant,gold_manual
5057206,Ford's Lincoln Makes Play for GM-Dominates Big SUV Market,General Motors,irrelevant,gold_manual
3160624,Official who leaked Cohen's financial records did so out of alarm over missing documents,AT&T,irrelevant,gold_manual
8507331,Afghanistan’s neighbors watch warily as Taliban completes its dramatic takeover,Visa Inc.,irrelevant,gold_manual
3058299,"Fleury, Methot, Neal give Golden Knights a solid foundation",AT&T,irrelevant,gold_manual
3516408,"Batgirl,' David Zaslav and the End of Streaming Evangelism in Hollywood (Column)",AT&T,irrelevant,gold_manual
3054320,Speedway has one of the first residential tests of 5G in America. Here's what that means,AT&T,irrelevant,gold_manual
4767866,"Netflix Supports Brazilian Cinematheque Restoration With $875,000 Cash Donation",Netflix,irrelevant,gold_manual
373271,Airbnb wants to replace hotels at the Olympics,Airbnb,relevant,gold_manual
3262731,AT&T touts Time Warner merger at U.S. Senate hearing,AT&T,relevant,gold_manual
3255880,"Game of Thrones' Season Premiere Leak Helps Gamblers, Bookie Takes Bath",AT&T,irrelevant,gold_manual
4514618,Microsoft buys up more metro-Phoenix land for $37 million,Microsoft,relevant,gold_manual
7174684,"California woman attacked in Walmart, caught on video",Walmart,irrelevant,gold_manual
3633037,‘Cancel Netflix’ Campaign Backed By Elon Musk Explained,Netflix,irrelevant,gold_manual
10457319,Goldman Sachs believes Trump's tariffs leave U.S. in an 'event-driven' bear market,Goldman Sachs,irrelevant,gold_manual
5320381,LG Chem shares slide amid electric vehicle battery-fire probe with GM,General Motors,relevant,gold_manual
3226507,Best and worst moments from the Redskins’ 38-14 loss to the Cowboys,AT&T,irrelevant,gold_manual
4019523,Microsoft Still Facing Xbox 360 Lawsuit Surrounding Scratched Discs,Microsoft,irrelevant,gold_manual
10117724,Goldman Sachs to invest $184 million in Brazil storage company: executive,Goldman Sachs,relevant,gold_manual
3075475,AT&T-Time Warner Merger: Justice Department Not Stopping Acquisition,AT&T,relevant,gold_manual
6492152,Uber identifies items most commonly left behind,Uber,irrelevant,gold_manual
3350603,Defensive miscue opens door for Mariners as Tigers drop series finale,AT&T,irrelevant,gold_manual
1755612,Starbucks Barista Fired for Writing 'Pig' on Police Officers' Drinks,Starbucks,irrelevant,gold_manual
3468327,Marco Antonio Solís and Los Bukis Reunite For First Time in 25 Years For Three Shows,AT&T,irrelevant,gold_manual
3543591,Karl Malone's 'Pedophile' Past Resurfaces After NBA Taps Him to Judge Dunk Contest,AT&T,irrelevant,gold_manual
7141014,Walmart outlines stages of back-to-office plan,Walmart,irrelevant,gold_manual
8578567,Australia could deny Ye a visa because of his antisemitic remarks,Visa Inc.,irrelevant,gold_manual
2967602,Sports On the Air - April 10,AT&T,irrelevant,gold_manual
133852,Walmart's ‘Beautiful’ and 'Sturdy' $110 Floor Lamp Is on Sale for Just $38,Walmart,irrelevant,gold_manual
1075856,2 Trump Stories on Social Media You Shouldn't Believe,Visa Inc.,irrelevant,gold_manual
4139013,Netflix Oscar Shows Heavy Investment Is Paying Off,Netflix,relevant,gold_manual
4707219,Microsoft to Shut Down Skype,Microsoft,relevant,gold_manual
794029,"""60 Minutes"" examines H-1B visas outsourcing American jobs",Visa Inc.,irrelevant,gold_manual
7257856,Bank of America Sees 10% Further Upside for European Equities by Third-Quarter,Bank of America,irrelevant,gold_manual
10448571,argenx to Present at Goldman Sachs 46th Annual Global Healthcare Conference,Goldman Sachs,irrelevant,gold_manual
7292401,Walmart to Stop Offering Single-Use Bags,Walmart,relevant,gold_manual
6135324,"City council in Portland, Oregon, gives approval for Uber to operate",Uber,irrelevant,gold_manual
10135625,BRIEF-Janus Capital Group Q3 earnings per share $0.22,Goldman Sachs,irrelevant,gold_manual
3208638,At Least 60 Stores Will Keep Their Doors Closed On Thanksgiving Day 2018 — See The List,AT&T,irrelevant,gold_manual
3118082,Big shows headed to the San Antonio area,AT&T,irrelevant,gold_manual
450140,Airbnb hosts are trying to turn away inauguration rioters. One listing added a photo of Michelle Obama.,Airbnb,irrelevant,gold_manual
8394723,New Zealand Plans ‘Golden Visa’ Changes to Lure Wealthy Migrants,Visa Inc.,irrelevant,gold_manual
4132111,Everything coming to Netflix in March — and what's leaving,Netflix,irrelevant,gold_manual
6393817,An Uber Eats Delivery Guy Sent This Woman A Smart Ass Response And People Are Losing It,Uber,irrelevant,gold_manual
4078625,Making a Murderer: Netflix Outshines The Jinx With Stunning True-Crime Saga,Netflix,irrelevant,gold_manual
3408658,Christopher Nolan movie 'Tenet' delayed again amid coronavirus outbreak,AT&T,irrelevant,gold_manual
3127813,Rory McIlroy Misses Cut at Pebble Beach on Saturday by 2 Strokes,AT&T,irrelevant,gold_manual
213904,Who is Bradford James Gille? What we know about Walmart stabbing suspect,Walmart,irrelevant,gold_manual
8440699,Plan to end work permits for spouses of skilled visa workers leaves Minnesota families in limbo,Visa Inc.,irrelevant,gold_manual
4324681,"Accenture, EY, Google, Microsoft And Other Leaders Find Great Value In Employees With Disabilities",Microsoft,irrelevant,gold_manual
32369,Walmart’s new green product label is the most misleading yet,Walmart,irrelevant,gold_manual
6139001,"Uber Accused of Ripping Off Ideas, and Everything Else You Missed",Uber,irrelevant,gold_manual
1064479,Lawmakers Question Libra Amid Facebook Privacy Concerns,Visa Inc.,irrelevant,gold_manual
4241388,Microsoft’s Windows 10 Creators Update will launch April 11,Microsoft,relevant,gold_manual
6743837,"Walmart holiday quarter sales rise, ecommerce jumped 43 percent",Walmart,relevant,gold_manual
2962231,YouTube tunes into T-Mobile's Binge On at last,AT&T,irrelevant,gold_manual
4979994,Court rules GM is shielded from death claims by bankruptcy,General Motors,relevant,gold_manual
10296433,The CEO of Goldman Sachs cryptically tweeted about the bank's post-Brexit plans in the UK,Goldman Sachs,irrelevant,gold_manual
6632045,#DeleteUber: company automates account removal due to demand,Uber,irrelevant,gold_manual
580999,Is Walmart open on Thanksgiving in Milwaukee? Hours today Black Friday,Walmart,irrelevant,gold_manual
2958646,Phil Mickelson: Golfer's trophy drought continues,AT&T,irrelevant,gold_manual
4272265,Hold onto your soggy bottoms: 'The Great British Baking Show' is moving to Netflix,Netflix,irrelevant,gold_manual
8376764,Joe Biden is using every trick in the book to wipe away the Big Stink from his tenure — but nothing is working,Visa Inc.,irrelevant,gold_manual
6324981,No massages? Why Uber's workplace is different than other tech companies,Uber,irrelevant,gold_manual
3518775,A monumental case looks to crack open the world of auto-warranty robocalls,AT&T,irrelevant,gold_manual
1770804,Starbucks' Valentine's Menu Has Finally Arrived & It Includes 3 New Refreshers,Starbucks,irrelevant,gold_manual
2899741,San Clemente's issue with renovating beach bathrooms: Beige or white?,AT&T,irrelevant,gold_manual
474435,9 Disturbing Stories From People Who Say They Found Cameras in Their Airbnb,Airbnb,irrelevant,gold_manual
7387668,"Iran Already Sanitizing Nuclear Site, Intel Warns",Intel,irrelevant,gold_manual
7762957,"In light of Apple Silicon, should you buy the new Intel-based 2020 27-inch iMac?",Intel,irrelevant,gold_manual
7071049,"Watch: Looters In Philadelphia Run Out Of Walmart With TVs, Electronics",Walmart,irrelevant,gold_manual
4117635,Netflix Just Released a Surprise Sequel to Cloverfield,Netflix,irrelevant,gold_manual
8602107,Binance Card Holders Brace for Impact as Mastercard and Visa Reassess Ties,Visa Inc.,relevant,gold_manual
216381,"Walmart Yodel Boy Went on 'Ellen' and It Was, Uh, Something All Right",Walmart,irrelevant,gold_manual
2940704,Here Is Your WIRED Star Wars Challenge for Day 168,AT&T,irrelevant,gold_manual
383015,"Airbnb Drops Camel Rides But Giza’s Already Changing, Here’s What To Know",Airbnb,irrelevant,gold_manual
8354019,Morning Agenda: The Wells Fargo Clawback,Wells Fargo,relevant,gold_manual
3356015,"PGA Tour $1 million parlay picks, odds for the 2025 AT&T Pebble Beach Pro-Am: Get an epic return on a $10 bet",AT&T,irrelevant,gold_manual
3546559,"With DeSantis’s exit, Haley backers in New Hampshire see a flicker of hope.",AT&T,irrelevant,gold_manual
3898763,"Netflix's new Drew Barrymore zombie show 'Santa Clarita Diet' is a gory, disgusting mess",Netflix,irrelevant,gold_manual
3874453,Gilmore Girls: A Year in the Life': What to know before the Netflix revival premieres,Netflix,irrelevant,gold_manual
8598861,"Melanie Lynskey, Buffy The Vampire Slayer Willow Audition",Visa Inc.,irrelevant,gold_manual
745204,"Affidavit: Texas Chick-fil-A supervisor stole more than $100,000 over 3 years from restaurant",Visa Inc.,irrelevant,gold_manual
9529269,Made my night': Starbucks customer says barista gave her 3 extra-large Strawberry Açaí drinks for free after she only asked for a cup of water,Starbucks,irrelevant,gold_manual
7195126,"Companies unlikely to require COVID-19 vaccine, Walmart CEO says",Walmart,relevant,gold_manual
4304292,"Marvel’s ‘Iron Fist’ Canceled By Netflix, There Will Be No Season 3 For Danny Rand & Company",Netflix,irrelevant,gold_manual
8346622,"TwinSpires offer code for Preakness Stakes 2025: Get up to $400 in bonus funds, site review, promos",Visa Inc.,irrelevant,gold_manual
7344791,"Bank of America grants $250,000 to fine arts museum",Bank of America,irrelevant,gold_manual
4621624,Game of Thrones Creators David Benioff and D.B. Weiss Sign Massive Overall Deal With Netflix,Netflix,relevant,gold_manual
7534699,Cramer: I have faith others can take charge at Intel after Brian Krzanich's ouster,Intel,irrelevant,gold_manual
3569678,Speed Read: Comedian Maria Bamford Takes Us Inside Her Darkest Thoughts,AT&T,irrelevant,gold_manual
10144227,Why Bernie Sanders should talk A LOT more about Hillary Clinton and Goldman Sachs,Goldman Sachs,irrelevant,gold_manual
3318928,Doubts Linger About CBS-Viacom Merger,AT&T,irrelevant,gold_manual
8112301,ICE says detained Maine police officer overstayed visa. The chief says he cleared a federal check,Visa Inc.,irrelevant,gold_manual
3021900,Alabama-Clemson: How did ESPN do in national championship?,AT&T,irrelevant,gold_manual
6225097,"""Really ruined my day for no reason"": Uber rider says driver deliberately sabotaged her trip to critical sonogram appointment",Uber,irrelevant,gold_manual
5207044,Teamsters refusing to transport GM vehicles in solidarity with UAW,General Motors,relevant,gold_manual
2965080,Time Warner says it's giving up on efforts to sign other providers to carry Dodgers,AT&T,irrelevant,gold_manual
3495052,AT&T finally finds buyer for Xandr advertising business in Microsoft,AT&T,relevant,gold_manual
3262424,Verizon says it won’t launch fake 5G icons like AT&T did,AT&T,irrelevant,gold_manual
2926302,AT&T purchase of DirecTV set to close after approval from FCC,AT&T,relevant,gold_manual
3501067,"AT&T, Wells Fargo fall; Fastenal, Bank of New York Mellon rise, Friday, 7/12/2024",AT&T,irrelevant,gold_manual
3093081,AT&T says timing of Time Warner deal completion now uncertain,AT&T,relevant,gold_manual
3313528,AT&T CEO Calls 'Crickets' From CBS On Carriage Fight,AT&T,relevant,gold_manual
3477632,General Motors and AT&T will offer 5G connectivity in certain vehicles from model year 2024,AT&T,relevant,gold_manual
3057938,DirecTV Now tempts potential subscribers with free Roku box,AT&T,irrelevant,gold_manual
3271677,Speed Round: Cody Gribble's final round at AT&T Pebble Beach Pro-Am,AT&T,irrelevant,gold_manual
468951,The scariest house on Airbnb is the 'Hocus Pocus' cottage,Airbnb,irrelevant,gold_manual
357737,"Broken windows, shootings, bathroom lock-ins. How to prevent someone from hosting an all-night rager in your Airbnb",Airbnb,irrelevant,gold_manual
363655,This Digital Sheriff Helps Cities Wrangle Airbnb Rules,Airbnb,irrelevant,gold_manual
424603,Airbnb received a cloud contract extension this year as the pandemic raged,Airbnb,relevant,gold_manual
211729,"With rental rules set to change, can Airbnb succeed in Japan?",Airbnb,relevant,gold_manual
477820,AirBnB says people are still spending big on travel and but they're choosing shorter stays in bigger cities,Airbnb,relevant,gold_manual
297710,Could an Airbnb be opening in your neighborhood? It depends,Airbnb,irrelevant,gold_manual
295216,"Airbnb seeks to broaden appeal, adds more hotel listings, loyalty program",Airbnb,relevant,gold_manual
492006,Airbnb is verifying all properties in its top five markets including the U.S.,Airbnb,irrelevant,gold_manual
430838,'Grace'-Land: Jeff Buckley's Memphis Home Is Being Turned Into a 'Tribute' Airbnb,Airbnb,irrelevant,gold_manual
3416936,"Amazon flexes muscles over Seattle tax threat, halting construction on a new office tower",Amazon,relevant,gold_manual
2782343,"Amazon unveils new smart-home products, but are consumers ready?",Amazon,relevant,gold_manual
2655551,Xbox One with new controller and more storage appears on Amazon,Amazon,irrelevant,gold_manual
11100451,"Five things you need to know today, and after last night I have no doubt Amazon will rule the world",Amazon,irrelevant,gold_manual
11142160,UPDATE 1-Amazon to launch video streaming service in Japan,Amazon,relevant,gold_manual
2619201,Amazon Giveaway lets anyone run a sweepstakes and rack up Twitter followers,Amazon,irrelevant,gold_manual
3096969,"After Whirlpool gets slammed from Amazon-Sears deal, JPMorgan calls fears 'overdone'",Amazon,irrelevant,gold_manual
3490156,FDA chief on Amazon's health-care move: 'Disruptive competition is a good thing',Amazon,relevant,gold_manual
11498784,"Even with Whole Foods, Amazon would need many more warehouses to reshape grocery delivery",Amazon,relevant,gold_manual
3147691,Could The Whole Foods Acquisition Undermine America's Biggest Consumer Brands?,Amazon,irrelevant,gold_manual
10919001,"Amazon, Apple and Facebook Once Led the Market. Now They Are Driving It Down.",Apple Inc.,irrelevant,gold_manual
10522655,Daily Report: Alphabet Eclipses Apple to Become the Most Valuable Company,Apple Inc.,irrelevant,gold_manual
9626426,Apple Chief Calls Court Order to Unlock iPhone ‘Unprecedented Step’,Apple Inc.,relevant,gold_manual
10152529,ESPN’s Apple TV app now lets you watch four games at once,Apple Inc.,irrelevant,gold_manual
9937679,Apple is investing $1 billion in Softbank's Vision Fund,Apple Inc.,relevant,gold_manual
10837312,Apple revenue rises on higher-than-expected iPhone shipments,Apple Inc.,relevant,gold_manual
10606281,Apple iPhone chip supplier says virus will delay shipments,Apple Inc.,irrelevant,gold_manual
11413418,"Apple Music Invites You to Chill to Muzak-y Versions of Songs From UMG Artists Including Katy Perry, Kacey Musgraves",Apple Inc.,irrelevant,gold_manual
9563878,Enlisting Apple and Google to fight terrorists: Is it a good idea?,Apple Inc.,irrelevant,gold_manual
9368407,"Apple's music service may fight Spotify with exclusives, not price",Apple Inc.,irrelevant,gold_manual
11677509,Warren Buffett watcher echoes warning on bitcoin: 'We're probably near the top of a bubble',Berkshire Hathaway,irrelevant,gold_manual
11766275,Brett Veatch ranked among top 1/2% of Berkshire Hathaway Real Estate Brokers,Berkshire Hathaway,irrelevant,gold_manual
11706222,"In Bullish Move, Buffett’s Berkshire Lifts Cap on Buybacks",Berkshire Hathaway,relevant,gold_manual
11784132,"No chance Warren Buffett is doing something ‘deeply evil,’ says Charlie Munger",Berkshire Hathaway,irrelevant,gold_manual
11745264,Warren Buffett’s Berkshire Isn’t Getting the Love for Its Apple Stake,Berkshire Hathaway,relevant,gold_manual
11733284,Warren Buffett’s annual lunch auction starts Sunday evening,Berkshire Hathaway,irrelevant,gold_manual
11712408,Fire Warren Buffett? Investors obsessed with quarterly performance probably would,Berkshire Hathaway,irrelevant,gold_manual
11781023,"Warren Buffett Sold His Only REIT Last Year, But He's Betting Big On Housing With Three New Investments",Berkshire Hathaway,relevant,gold_manual
11700745,BRIEF-Berkshire Hathaway Energy says agreement to acquire Oncor...,Berkshire Hathaway,relevant,gold_manual
11638953,"After Berkshire Hathaway deal, Portland charities call out Precision Castparts for lack of community investment",Berkshire Hathaway,irrelevant,gold_manual
12011608,UK To Deeply Scrutinize Broadcom-Vmware Deal,Broadcom,relevant,gold_manual
12005505,Broadcom Unusual Options Activity For May 21,Broadcom,irrelevant,gold_manual
11945558,Broadcom profit and revenue miss forecasts,Broadcom,relevant,gold_manual
12008392,"Broadcom Inc. Announces Conversion Date for Mandatory Convertible Preferred Stock, Series A",Broadcom,relevant,gold_manual
11948559,BRIEF-Broadcom: Maslowski's employment with the company has been terminated,Broadcom,relevant,gold_manual
12016859,Broadcom and Google Cloud Announce License Portability Support for VMware Cloud Foundation on Google Cloud VMware Engine,Broadcom,relevant,gold_manual
12011574,Broadcom Unusual Options Activity For March 16,Broadcom,irrelevant,gold_manual
12016874,"Broadcom, Dollar General Earnings and More to Watch",Broadcom,irrelevant,gold_manual
12011135,Broadcom stock dinged in final minutes on report Apple working on its own WiFi/Bluetooth chips,Broadcom,relevant,gold_manual
12010766,After-Hours Action: Why Broadcom Stock Is On The Move,Broadcom,irrelevant,gold_manual
7453086,"Oil And Gas Deals Accelerate As Shell, ExxonMobil Exit California",ExxonMobil,relevant,gold_manual
1098045,"ExxonMobil Wins An Anti-SLAPP Motion In Texas, While Landry's Loses",ExxonMobil,relevant,gold_manual
7447972,ExxonMobil Wishes Australia a 'Fun' New Year as Country Burns in Climate Crisis,ExxonMobil,irrelevant,gold_manual
1083163,Exxon Mobil Beats On Earnings While Sales Fall Short,ExxonMobil,relevant,gold_manual
1088698,"ExxonMobil's run may be running out of steam, Bank of America says",ExxonMobil,irrelevant,gold_manual
1083730,Exxon Mobil says oil discovery off Guyana is 'significant',ExxonMobil,relevant,gold_manual
7420351,Chevron: It’s Not ExxonMobil But No One Seems to Mind,ExxonMobil,irrelevant,gold_manual
7380669,BRIEF-Nordic American Tanker Ltd says enters 30 month contract with Exxonmobil subsidiary,ExxonMobil,irrelevant,gold_manual
1083380,ExxonMobil Chief To Meet With Russian Energy Officials In Moscow To Discuss Stalled Energy Cooperation,ExxonMobil,relevant,gold_manual
7385732,ExxonMobil made deals with Iran while Tillerson was CEO,ExxonMobil,relevant,gold_manual
11690934,Walgreens Continues To Leverage Real Estate With New FedEx Deal,FedEx,irrelevant,gold_manual
11708636,"President Trump sent FedEx courier a $10,000 check in the mail",FedEx,irrelevant,gold_manual
11684912,FedEx is set to hire 500 workers in Greater Cincinnati for the holidays,FedEx,irrelevant,gold_manual
11785333,Wyndham Championship dominated by pushes for FedEx Cup positioning,FedEx,irrelevant,gold_manual
11796748,New York Times/FedEx Squabble Tries to Oversimplify Complicated Data,FedEx,irrelevant,gold_manual
11886716,Cash Dividend On The Way From FedEx,FedEx,relevant,gold_manual
11652591,FedEx indictment on illegal drug shipments will go forward,FedEx,relevant,gold_manual
11661893,"Jordan Spieth wins Tour Championship, FedEx Cup title and £7.5m",FedEx,irrelevant,gold_manual
11773809,"FedEx Corporation (NYSE:FDX), Home Depot, Inc. (The) (NYSE:HD)",FedEx,irrelevant,gold_manual
11868583,FedEx mass shooting: Watch a news update about investigation,FedEx,irrelevant,gold_manual
2020059,"Lee Iacocca, Visionary Automaker Who Led Both Ford and Chrysler, Is Dead at 94",Ford Motor Company,irrelevant,gold_manual
2024706,"Amid Coronavirus, Ford Overall U.S. Sales Decline 12.5 Percent",Ford Motor Company,relevant,gold_manual
2036854,"Ford Halts 2024 F-150 Lightning Deliveries For Quality Checks, Gas-powered F-150 Shipments Begin: Report",Ford Motor Company,relevant,gold_manual
2032110,Will Ford Stock Reach $20 By 2022?,Ford Motor Company,irrelevant,gold_manual
2017456,Eagerly waiting to buy a Ford GT? Orders open today,Ford Motor Company,irrelevant,gold_manual
2022532,"Ford Reveals Special Editions, Surprise Call From Trump",Ford Motor Company,irrelevant,gold_manual
2026052,Trump blasts Michigan AG over concern he didn’t wear mask at Ford plant,Ford Motor Company,irrelevant,gold_manual
2010914,Ford Motor Q2 Profit Beats Estimates; Auto Segment Operating Margin Down 1.8%,Ford Motor Company,relevant,gold_manual
2034626,Report: Ford to Cut About 3K Jobs amid Transition to Electric Vehicles,Ford Motor Company,relevant,gold_manual
2005377,Ford CEO Outlines Plans To Compete With Ride-Hailing Services,Ford Motor Company,relevant,gold_manual
5077682,General Motors will test self-driving cars on public roads in Michigan,General Motors,relevant,gold_manual
5261075,"Federal Judge Rejects General Motors' Argument That Fuel Pump Defect A ""Mere Inconvenience""",General Motors,relevant,gold_manual
5086127,"General Motors upgraded to outperform at Credit Suisse, price target raised to $38",General Motors,irrelevant,gold_manual
5264819,"General Motors to build Cruise Origin electric self-driving shuttle, electric trucks in Detroit",General Motors,relevant,gold_manual
5047866,General Motors' U.S. sales fall 3.8% in January,General Motors,relevant,gold_manual
5328176,"General Motors to Lay Off 1,000 Software Employees, Including 600 Workers in Michigan",General Motors,relevant,gold_manual
5014137,General Motors design chief Ed Welburn to retire after 44 years,General Motors,irrelevant,gold_manual
4968152,"General Motors lays off 3,300 amid electric vehicle issues",General Motors,relevant,gold_manual
4996735,"General Motors Chevrolet Buick Recall 2015: Is Your Car Affected? How To Check Model, Year To See If You're One Of 6.5M Recalled",General Motors,relevant,gold_manual
5354004,Mary Barra Is Still Committed to General Motors’ EV Push Amid Industry Challenges,General Motors,relevant,gold_manual
7386554,"First National Realty Partners Acquires A 339,464 SF Home Depot And Schnucks Dual Anchored Center",Home Depot (The),irrelevant,gold_manual
7389043,Video: Texas woman ends up in Mexico while trying to get to Home Depot to buy zip ties,Home Depot (The),irrelevant,gold_manual
7386294,JOHN TAMNY: Bernie Marcus Built A Legacy Through Home Depot’s Success,Home Depot (The),irrelevant,gold_manual
7385943,"Stock Movers: Carmax, Circle, Home Depot",Home Depot (The),irrelevant,gold_manual
7383588,"Home Depot hiring more than 80,000 workers for spring",Home Depot (The),irrelevant,gold_manual
7386107,Home Depot Gets Hammered As Gross Margins Decline Year-Over-Year. Here’s How To Trade The Stock Now.,Home Depot (The),relevant,gold_manual
7383581,BRIEF-The Home Depot Announces Q4 Earnings Per Share $1.52,Home Depot (The),relevant,gold_manual
7383096,Home Depot Q2 income rises 9.3% as store sales climb,Home Depot (The),relevant,gold_manual
7388999,Home Depot sees shoppers pulling back. So why is Warren Buffett bullish on home builder stocks?,Home Depot (The),irrelevant,gold_manual
7385831,Escaped calf killed behind Connecticut Home Depot sparks outrage,Home Depot (The),irrelevant,gold_manual
7447062,This 75-year-old NASA legend has been working in secret for 10 years building a startup that wants to outdo Intel and Google,Intel,irrelevant,gold_manual
7657876,Adam Schiff threatens to defund intel community unless Trump whistleblower details disclosed,Intel,irrelevant,gold_manual
7458356,Fiat Chrysler joins BMW-Intel to develop driverless cars,Intel,relevant,gold_manual
7422263,The Private Contractors Using Vault 7 Tools for US Gov: Testimony Shows US Intel Needs a Ground-Up Rebuild Part 1,Intel,irrelevant,gold_manual
7878892,"Mobileye prices IPO above targeted range to raise nearly $1 billion, and most of it will go to Intel",Intel,relevant,gold_manual
7925815,EU hits Intel with $400 million antitrust fine in long-running computer chip case,Intel,relevant,gold_manual
7343525,Intel to cut 2.5% of Folsom campus workforce,Intel,relevant,gold_manual
7869874,Intel Unveils New Funding Model to Enable Huge Chip Project,Intel,relevant,gold_manual
7528728,"Stocks making the biggest moves premarket: Intel, Centene, Deckers, Paramount and more",Intel,irrelevant,gold_manual
7869342,McCarthy to Subpoena Intel Agency Chiefs in Biden Family Probe,Intel,irrelevant,gold_manual
6136114,"Three charged in cyberattacks against JPMorgan Chase, other financial institutions",JPMorgan Chase,relevant,gold_manual
6303698,JPMorgan Chase to pay $920 million to resolve illegal trading cases,JPMorgan Chase,relevant,gold_manual
6264691,JPMorgan Chase’s Jamie Dimon talks tariffs and the possibility of a recession,JPMorgan Chase,irrelevant,gold_manual
6306175,JPMorgan Set to Kick Off Third-Quarter Earnings Season,JPMorgan Chase,relevant,gold_manual
6193985,JPMorgan to pay $136M settlement of credit card probes,JPMorgan Chase,relevant,gold_manual
6133074,"JPMorgan Head: Go With Politician for President, Not CEO",JPMorgan Chase,irrelevant,gold_manual
642315,UPDATE 1-JPMorgan Chase responding to requests on fair banking access,JPMorgan Chase,relevant,gold_manual
6270798,JPMorgan Planning to Bring Staff to Office Five Days a Week,JPMorgan Chase,irrelevant,gold_manual
6353507,3 Quotes From JPMorgan Chase CEO Jamie Dimon: 'The Biggest Mistake We Could Make Is Being Complacent',JPMorgan Chase,irrelevant,gold_manual
6317154,"JPMorgan Chase Publishes 2020 Annual Report, Including Chairman & CEO Letter To Shareholders",JPMorgan Chase,relevant,gold_manual
8833025,J&J says new tests find no asbestos in recalled baby powder,Johnson & Johnson,relevant,gold_manual
8771402,Johnson & Johnson loses another talcum powder cancer lawsuit,Johnson & Johnson,relevant,gold_manual
8993590,J&J to buy heart pump maker Abiomed for $16.6B,Johnson & Johnson,relevant,gold_manual
8859800,"Johnson & Johnson CFO on Q2 earnings, raising guidance, Covid-19 and more",Johnson & Johnson,relevant,gold_manual
8897035,"Johnson & Johnson Vaccine Batch Ruined At Baltimore Factory, Drug Giant Says",Johnson & Johnson,relevant,gold_manual
8854453,"Johnson & Johnson Discontinues Talc Baby Powder in U.S., Canada",Johnson & Johnson,relevant,gold_manual
8990707,"Johnson & Johnson Stock Gains After Unveiling $5 Billion Buyback Program, Repeating Profit Targets",Johnson & Johnson,relevant,gold_manual
8812495,U.S. justices reject Johnson & Johnson unit's anti-psychotic drug...,Johnson & Johnson,relevant,gold_manual
8779869,Johnson & Johnson Hit With $247 Million Verdict in Hip Implant Trial,Johnson & Johnson,relevant,gold_manual
8909092,Fauci expects Johnson & Johnson COVID-19 vaccine will 'get back on track' soon,Johnson & Johnson,relevant,gold_manual
8706374,Western Union/Mastercard Partnership (Graphic: Business Wire),Mastercard,relevant,gold_manual
8637752,MasterCard's profit rises 12.7 pct,Mastercard,relevant,gold_manual
8705943,DACO suspects PayPal and Mastercard of discriminating against consumers in Puerto Rico,Mastercard,relevant,gold_manual
8619006,BRIEF-Mastercard CFO Sachin Mehra Says Seeing Continued Steady Growth Across Affluent And Mass Market Consumers,Mastercard,relevant,gold_manual
8682161,"Card fraud is declining says Mastercard. Unfortunately, social scams are on the rise",Mastercard,irrelevant,gold_manual
8723214,Mastercard Whale Trades For July 11,Mastercard,irrelevant,gold_manual
8643093,"EMV chip card adoption has reached 88% since last year, according to MasterCard",Mastercard,irrelevant,gold_manual
8701935,Wirex To Launch Multi-currency Wirex Mastercard Card,Mastercard,irrelevant,gold_manual
8728734,"Mastercard hikes dividend by 16%, announces new $9 billion buyback program",Mastercard,relevant,gold_manual
8715163,Mastercard wants to tackle crypto and blockchain fraud with CipherTrace deal,Mastercard,relevant,gold_manual
4927711,"Facebook parent Meta Platforms’ head of communications leaves, creating damage-control void",Meta Platforms,irrelevant,gold_manual
4896633,"Profit-taking hits the AI trade again, and Instagram reaches 3 billion monthly users",Meta Platforms,relevant,gold_manual
4936767,"Facebook Users Lose Followers Mysteriously, Mark Zuckerberg's Number Down To Mere 9,993 — Here's What Happened",Meta Platforms,irrelevant,gold_manual
4963727,Thousands of fake Facebook accounts shut down by Meta were primed to polarize voters,Meta Platforms,relevant,gold_manual
4913966,Facebook Says Apple's Privacy Push Will Cost $10B (But Can't Stop It),Meta Platforms,relevant,gold_manual
4925358,"Turkish woman arrested for criticising Instagram ban, media says",Meta Platforms,irrelevant,gold_manual
4936654,Facebook janitors protest layoffs and labor practices in Bay Area strike — with no end in sight,Meta Platforms,irrelevant,gold_manual
4894072,Motion Picture Association Demands Meta Stop Calling Instagram Teen Content 'PG-13',Meta Platforms,irrelevant,gold_manual
4916930,Kanye West Suspended From Instagram For 24 Hours On Policy Violation,Meta Platforms,irrelevant,gold_manual
4910808,WhatsApp says spyware firm targeted users in 24 countries,Meta Platforms,relevant,gold_manual
4053077,"Virtualization: Security's Silver Bullet. Bromium, Microsoft, VMware Show The Way",Microsoft,irrelevant,gold_manual
4440969,Reports Filed In Microsoft Lawsuit Find 'Significant' Gender Gap At Firm,Microsoft,relevant,gold_manual
4395926,Want to see all data Windows 10 sends Microsoft? There’s an app for that,Microsoft,irrelevant,gold_manual
4399217,GitHub Billionaires Will Own More Microsoft Stock Than Its CEO,Microsoft,irrelevant,gold_manual
4462445,Microsoft Co-Founder and Seahawks Owner Paul Allen Dead at 65,Microsoft,irrelevant,gold_manual
4538964,"IBM Makes Watson Available Across Amazon, Microsoft, and Google Clouds",Microsoft,irrelevant,gold_manual
4787564,"Microsoft was prudent to warn about coronavirus impact, analyst says",Microsoft,relevant,gold_manual
4205861,Microsoft to deliver Visual Studio for Mac,Microsoft,relevant,gold_manual
3981033,Microsoft Copilot just got access to your Gmail,Microsoft,irrelevant,gold_manual
4052462,Why Microsoft can’t ditch phones…just yet,Microsoft,irrelevant,gold_manual
3727606,Netflix Will Stream 'Star Wars: The Force Awakens' — But Only in Canada,Netflix,irrelevant,gold_manual
4799593,A Disappointing Update About ‘One Piece’ Season 2 On Netflix,Netflix,irrelevant,gold_manual
4771517,"Your Netflix alternative is here, and it’s only A$23 for life",Netflix,irrelevant,gold_manual
4219537,Netflix Fires Chief Communications Officer Over Use of Racial Slur,Netflix,relevant,gold_manual
4171874,"Adyen, a payments firm with clients such as Netflix and Uber, is eyeing an IPO after record revenues",Netflix,irrelevant,gold_manual
4597751,Woody Harrelson Joins Mary Elizabeth Winstead in Thriller 'Kate' at Netflix,Netflix,irrelevant,gold_manual
4493027,Catherine Reitman Proves That Women Led Production Leads To Netflix & Success,Netflix,irrelevant,gold_manual
4746702,"Chrissy Teigen to Appear on Season 2 of Meghan Markle's Netflix Series With Love, Meghan",Netflix,irrelevant,gold_manual
4690592,911 Supervisor Played Netflix Movie as Caller Sought Help,Netflix,irrelevant,gold_manual
4096223,Josh Hartnett’s Newfoundland Netflix Series Adds Four to Cast as Production Begins,Netflix,irrelevant,gold_manual
4710631,"Nordstrom Promo Codes: Shop Top Deals On Nike, Birkenstock And More","Nike, Inc.",irrelevant,gold_manual
11773296,Adidas takes 12-10 lead over Nike in World Cup shirt deals,"Nike, Inc.",irrelevant,gold_manual
4439706,"Report: Texas to sign 15-year deal with Nike, richest in college sports","Nike, Inc.",relevant,gold_manual
4433652,"Dear Nike, When Can We Expect Those Shoes From Back to the Future II?","Nike, Inc.",irrelevant,gold_manual
4677172,Nike drops Antonio Brown amid sexual assault lawsuit,"Nike, Inc.",relevant,gold_manual
4815509,A pair of rare Nike sneakers may be the key to catching a Washington riot suspect,"Nike, Inc.",irrelevant,gold_manual
4724107,Nike made sneakers that represent iconic jobs in major cities like New York and London. Here's what they look like.,"Nike, Inc.",irrelevant,gold_manual
4588217,Backlash after Colin Kaepernick named face of Nike ad,"Nike, Inc.",relevant,gold_manual
11663508,Nike plans to sell the self-lacing sneakers from Back to the Future,"Nike, Inc.",irrelevant,gold_manual
11764105,Premarket: China tariffs; Facebook's Zuckerberg speaks; Nike earnings,"Nike, Inc.",irrelevant,gold_manual
3644222,Nvidia GeForce Now game streaming comes to Shield devices for $8 per month,Nvidia,relevant,gold_manual
3853011,Nvidia Shield (2019) review,Nvidia,irrelevant,gold_manual
3964370,How To Invest In Magnificent Seven Stocks Like Nvidia In 2024,Nvidia,irrelevant,gold_manual
3719843,"Nvidia Rival Groq Reportedly Eyes $6 Billion Valuation, Cisco And Samsung-Backed Company Looks To Double Valuation Amid Surging AI Chip Demand",Nvidia,irrelevant,gold_manual
3745227,Here's what every major analyst expects from Nvidia's earnings report after the bell,Nvidia,relevant,gold_manual
3668199,"Baidu partners with Ford, Nvidia, and others to boost its self-driving car platform",Nvidia,irrelevant,gold_manual
3719396,Nvidia became the first company valued at over $4 trillion. Here's what that means for AI.,Nvidia,irrelevant,gold_manual
3852262,Setback for Nvidia’s $54 billion ARM bid as EU regulators open probe,Nvidia,relevant,gold_manual
3916920,This AI Stock Is Up 254% Year-To-Date — And It's Not Nvidia,Nvidia,irrelevant,gold_manual
3938501,"Here's How Much Cathie Wood, Ark Invest Flagship Fund Missed By Selling Nvidia Early",Nvidia,irrelevant,gold_manual
5767578,"Pfizer, BioNTech Seek Full US Approval For Covid-19 Vaccine",Pfizer,relevant,gold_manual
5674390,"UPDATE 1-Pfizer, BioNTech start combined trials of COVID-19 vaccine candidate in Japan",Pfizer,relevant,gold_manual
5704722,Amnesty International: Pfizer 'Misleading' Poor Countries with Vaccine Info,Pfizer,relevant,gold_manual
5828042,Pfizer CEO says COVID-19 vaccine-resistant variant likely to emerge,Pfizer,irrelevant,gold_manual
5557595,Pfizer will roll back drug prices after discussion with Trump,Pfizer,relevant,gold_manual
5713169,Pfizer says its booster shot has 95.6% efficacy against COVID-19 amid the Delta variant,Pfizer,relevant,gold_manual
5723008,Pfizer expects to have safety and efficacy data for its COVID-19 vaccine in children in late September,Pfizer,relevant,gold_manual
5967480,Tomi Lahren Taylor Swift remark goes viral after Travis Kelce Pfizer uproar,Pfizer,irrelevant,gold_manual
5653221,Corporate Scientific Leadership Key To Pfizer’s Covid-19 Vaccine Success,Pfizer,irrelevant,gold_manual
5961409,Continued strong Cresemba® (isavuconazole) sales by Pfizer trigger USD 26 million sales milestone payments to Basilea,Pfizer,irrelevant,gold_manual
7477826,P&G's Gillette Woes Have Translated To This Good News For Consumers,Procter & Gamble,irrelevant,gold_manual
7530497,"P&G raised prices 10%, and the volume of products sold fell more than expected",Procter & Gamble,relevant,gold_manual
7475141,Procter & Gamble may drop USA Gymnastics sponsorship after sex abuse scandal,Procter & Gamble,relevant,gold_manual
7481244,JPMorgan downgrades Procter & Gamble as worries grow over consumer spending,Procter & Gamble,irrelevant,gold_manual
7504900,"Shoppers turn to smaller food brands, cutting into Unilever, P&G profits",Procter & Gamble,relevant,gold_manual
7486767,See the banned Christina Hendricks P&G ad,Procter & Gamble,irrelevant,gold_manual
7521281,P&G Ventures Teams With The Riveter To Host Open For Business: Women Building The Future,Procter & Gamble,irrelevant,gold_manual
7462070,Cramer: Here's why it's a remarkable quarter for Procter & Gamble and DuPont,Procter & Gamble,relevant,gold_manual
7530200,Is Procter & Gamble Stock Appropriately Priced At $160?,Procter & Gamble,irrelevant,gold_manual
7486408,P&G files to trademark some millennial phrases,Procter & Gamble,irrelevant,gold_manual
2707065,$17.6 billion Zscaler earnings blast past Wall Street expectations – here's why the CEO thinks it can be the Salesforce of cybersecurity by serving the new remote workforce,Salesforce,irrelevant,gold_manual
2727571,"Salesforce delivers, Wall Street doubts as stock falls 6.3% post-earnings",Salesforce,relevant,gold_manual
2703135,"Stocks making the biggest moves in the premarket: Dick's Sporting Goods, Apple, Salesforce & more",Salesforce,irrelevant,gold_manual
2703809,I Went Inside Salesforce’s ‘First-Ever’ Summit On Prioritizing Inclusive AI,Salesforce,irrelevant,gold_manual
2629171,"Salesforce aims to expand its developer ecosystem, fund enterprise cloud creators",Salesforce,relevant,gold_manual
2739564,Salesforce Sees A Fresh Round Of Layoffs,Salesforce,relevant,gold_manual
2718779,This former Salesforce exec joined $6.8 billion Automation Anywhere to take the 'day-to-day drudgery' out of work,Salesforce,irrelevant,gold_manual
2629029,Salesforce to Use Amazon’s Cloud to Expand in Canada and Australia,Salesforce,relevant,gold_manual
2671242,Midday open thread: Battery storage costs plummet; 50 women sue Salesforce over sex trafficking,Salesforce,relevant,gold_manual
2745321,‘Do That Right Now’: Salesforce CEO Demands Commitment To ‘Net Zero’ Emissions At Davos Conference,Salesforce,irrelevant,gold_manual
9276031,Starbucks Hit With Boycott After Pledging to Hire Refugees,Starbucks,relevant,gold_manual
1780069,"Second Starbucks location in Mesa, Arizona, votes to unionize",Starbucks,relevant,gold_manual
9524246,"Starbucks Violated Labor Law in Buffalo Union Drive, Judge Rules",Starbucks,relevant,gold_manual
1808691,Your Starbucks Order Will Reveal Which Netflix Rom-Com Protagonist You Are,Starbucks,irrelevant,gold_manual
1669406,Police: Suspect in Starbucks robberies arrested in East Side field,Starbucks,irrelevant,gold_manual
9263812,"UPDATE 1-Starbucks' departing chairman backs China prospects, hints...",Starbucks,relevant,gold_manual
1649571,One trader just made a big bet on more pain for Starbucks,Starbucks,irrelevant,gold_manual
9091228,"Starbucks partners with Spotify to boost loyalty membership, replace CDs",Starbucks,relevant,gold_manual
9341092,Hidden Camera in Starbucks Restroom Prompts Investigation,Starbucks,irrelevant,gold_manual
9297189,5-year-old finds camera in Starbucks bathroom,Starbucks,irrelevant,gold_manual
5650101,I Just Drove 8 Hours on Tesla's Autopilot and Lived to Tell,"Tesla, Inc.",irrelevant,gold_manual
5877196,Tesla’s Musk Is Overpromising Again On Self-Driving Cars,"Tesla, Inc.",irrelevant,gold_manual
5930076,"April Fool's Day jokes that backfired: Tesla, Google, Hooters","Tesla, Inc.",irrelevant,gold_manual
5929727,Vandalism at Michigan Tesla manufacturing site under investigation,"Tesla, Inc.",irrelevant,gold_manual
5889608,Elon Musk whacks traffic pylon in Tesla Cybertruck,"Tesla, Inc.",irrelevant,gold_manual
5400530,"Stock Movers: Tesla, IBM, Quantum Computing","Tesla, Inc.",irrelevant,gold_manual
5688218,This Tesla didn't crash. But it did catch fire,"Tesla, Inc.",irrelevant,gold_manual
5944298,3 retail investors explain why they're sticking with Tesla after its $800 billion wipeout,"Tesla, Inc.",irrelevant,gold_manual
5634770,Elon Musk shares the epic last photo of 'Starman' in the red Tesla he shot into space,"Tesla, Inc.",irrelevant,gold_manual
5766182,Cramer says Tesla CEO Elon Musk should go on medical leave — 'I'm worried about the guy',"Tesla, Inc.",irrelevant,gold_manual
6402643,"Uber drivers, riders can now text in-app",Uber,irrelevant,gold_manual
6614772,"Uber, Goodwill pair up for free donation service",Uber,irrelevant,gold_manual
6189123,"Why Does Anyone Need to Own a Car? Google, Apple and Uber Are Asking",Uber,irrelevant,gold_manual
6696307,"Uber, Lyft drivers plan to strike in more than a dozen major cities",Uber,relevant,gold_manual
6722751,The Creature From Uber Island,Uber,irrelevant,gold_manual
6763033,Uber faces UK tax challenge,Uber,relevant,gold_manual
6664776,"Uber Faces Legal Challenges In France, South Korea And Germany",Uber,relevant,gold_manual
6117758,Robot Cars Won't Rescue Uber From Its Clash With Drivers,Uber,irrelevant,gold_manual
6453417,Cities With Uber Have Lower Rates Of Ambulance Usage,Uber,irrelevant,gold_manual
6109046,Uber plans to let customers book helicopter rides through its app,Uber,irrelevant,gold_manual
7952030,UnitedHealth suspends efforts to sell Brazilian unit,UnitedHealth Group,relevant,gold_manual
7933839,"DA says 40 UnitedHealthcare execs got bodyguards, and one dyed her hair after Luigi Mangione killed CEO Brian Thompson",UnitedHealth Group,relevant,gold_manual
7898083,"UnitedHealth earnings rise 6%, top Wall St. expectations",UnitedHealth Group,relevant,gold_manual
7949595,UnitedHealth Group Inc. Investors: Class action lawsuit filed on behalf of investors; the Portnoy Law Firm,UnitedHealth Group,relevant,gold_manual
7934243,UnitedHealth Group spent $1.6 million on executive security last year,UnitedHealth Group,irrelevant,gold_manual
7934048,UnitedHealth sees a longtime bull throw in the towel after stock’s plunge,UnitedHealth Group,irrelevant,gold_manual
7906993,UnitedHealth Medicare plan must cover U.S. sex reassignment surgery,UnitedHealth Group,relevant,gold_manual
7928410,UnitedHealthcare increases housing investments,UnitedHealth Group,relevant,gold_manual
7901613,"UnitedHealth Group to hire 1,700 in Twin Cities",UnitedHealth Group,irrelevant,gold_manual
7922028,UnitedHealth Group buys into hearing aid benefits,UnitedHealth Group,relevant,gold_manual
8325658,Nigerian 'unicorn' Interswitch sells stake to Visa,Visa Inc.,relevant,gold_manual
8045560,US will suspend fast processing for H-1B visas,Visa Inc.,irrelevant,gold_manual
776847,Attorney: Iranian infant needs visa waiver for heart surgery,Visa Inc.,irrelevant,gold_manual
8331418,Trump-promoted propaganda outlet tried to get US visa for corrupt Ukrainian before he was arrested for corruption,Visa Inc.,irrelevant,gold_manual
743201,H-1B visa program: Time to expand it (Opinion),Visa Inc.,irrelevant,gold_manual
968856,EXCLUSIVE: DHS Refuses To Investigate Top Official Who Fast-Tracked Visas For Hillary’s Brother,Visa Inc.,irrelevant,gold_manual
8400342,Africans can now travel across more than half of the continent without getting visas beforehand,Visa Inc.,irrelevant,gold_manual
7950996,Visa windfall gives European banks Q2 boost,Visa Inc.,irrelevant,gold_manual
8352317,University of Colorado confirms reinstatement of student visas after White House reversal,Visa Inc.,irrelevant,gold_manual
8308080,"Russia denies visas to two U.S. senators, amid G7 tensions",Visa Inc.,irrelevant,gold_manual
496551,What Do Consumers Buy The Most At Walmart? The Answer May Surprise You,Walmart,irrelevant,gold_manual
6674040,"Walmart to pay $16 billion for control of India's Flipkart, shares...",Walmart,relevant,gold_manual
17500,Walmart is selling $160 wireless earbuds with a 'super convenient' touch screen case for just $28,Walmart,irrelevant,gold_manual
378562,Video: Walmart greeter with cerebral palsy accepts new position amid store changes,Walmart,irrelevant,gold_manual
304783,18-year-old faces multiple charges after hurling racial slurs inside Walmart,Walmart,irrelevant,gold_manual
381291,"Walmart deploys 17,000 Oculus Go headsets to train its employees",Walmart,relevant,gold_manual
106101,"Christmas Eve Hours For Walmart, Target, Kohl’s, Best Buy And Other Stores Open Late",Walmart,irrelevant,gold_manual
114492,Earnings Scorecard: Wal-Mart Q4 2016 Enjoyed Its Best Quarter In 4 Years,Walmart,relevant,gold_manual
199370,Walmart is making its own meal kits in some stores,Walmart,irrelevant,gold_manual
355292,Save Big on Vizio 4K TVs Ahead of Black Friday at Walmart,Walmart,irrelevant,gold_manual
2885048,"LGBTQ+ community needs partnership from Disney, not empty gestures",Walt Disney Company (The),irrelevant,gold_manual
2885097,Comcast And The Walt Disney Company Announce Content Carriage Agreement,Walt Disney Company (The),relevant,gold_manual
2884972,Controversial Walt Disney Animatronic Debuts to Mixed Reviews: 'Why Does His Face Look Like That?',Walt Disney Company (The),irrelevant,gold_manual
2885232,Hollywood is skeptical that Disney CEO Bob Iger will step down in 2026 as successor search continues,Walt Disney Company (The),relevant,gold_manual
2885250,Hyundai Reveals IONIQ 5 Disney100 Platinum Concept at New York Auto Show,Walt Disney Company (The),irrelevant,gold_manual
2885294,"Marvel Delays 'Deadpool 3,' 'Captain America 4' and 'Thunderbolts' in Post-Strike Disney Release Shake-Up",Walt Disney Company (The),relevant,gold_manual
2885082,Walt Disney Company (DIS) Annual 10-K Report,Walt Disney Company (The),relevant,gold_manual
2885150,"Disneyland requires non-union employees to get vaccinated, starts discussions with unions",Walt Disney Company (The),relevant,gold_manual
2885124,"Anaheim living wage ordinance doesn't apply to Disneyland workers, judge rules",Walt Disney Company (The),relevant,gold_manual
2884886,Petition Aims to Silence Trump Animatronic Figure at Disney World,Walt Disney Company (The),irrelevant,gold_manual
8318869,Did Wells Fargo exploit workers who exploited customers?,Wells Fargo,relevant,gold_manual
8491719,"Wells Fargo executives, board must face lawsuit over fake accounts,...",Wells Fargo,relevant,gold_manual
8509304,Wells Fargo agrees to pay $385M to settle car loan lawsuit,Wells Fargo,relevant,gold_manual
8292405,"Wells Fargo lowers targets for returns on equity, assets",Wells Fargo,relevant,gold_manual
8447983,"AT&T, Comcast, Wells Fargo promise bonuses or pay hikes once tax cut bill passes",Wells Fargo,irrelevant,gold_manual
8428683,Lawsuit: Wells Fargo Put Family in Victim Protection at Risk,Wells Fargo,irrelevant,gold_manual
8322694,Wells Fargo sales scandal points to industry-wide problem,Wells Fargo,irrelevant,gold_manual
8362998,Wells Fargo Found Liable In Abusive Tax Shelter Scheme,Wells Fargo,relevant,gold_manual
8618336,"Wells Fargo Championship Live Odds, How To Watch In US For May 8",Wells Fargo,irrelevant,gold_manual
8324288,Wells Fargo CEO is getting only seconds to speak,Wells Fargo,relevant,gold_manual
