id,title,company_name,label
4646679,Microsoft beats Amazon for Pentagon's $10 bln cloud computing contract,Microsoft,relevant
3489239,House Votes to Expand Legal Safeguards for LGBTQ People,AT&T,irrelevant
2961496,Frequent NSA collaborator AT&T is backing Apple in its fight against the FBI,AT&T,relevant
7932040,Intel officials warned well before Tower 22 attack of increased risks from drones,Intel,irrelevant
4467588,Microsoft brings 'Known Folder Migration' feature to OneDrive consumer users,Microsoft,irrelevant
123333,Walmart To Ban Woman Caught On Viral Racist Rant Video,Walmart,irrelevant
381997,Why did it take us messaging?': Louisiana woman books Airbnb in France. Then she learns what the owner did with the property,Airbnb,irrelevant
7109758,Halloween pet costumes at Walmart,Walmart,irrelevant
6483519,Uber driver charged with raping unconscious 17-year-old in Orange County,Uber,irrelevant
250473,Airbnb asked to disclose data on 172 users so far this year,Airbnb,irrelevant
3295123,"Fore! Here Comes Tony Romo, The Golfer, Again.",AT&T,irrelevant
7908289,NY Post scorches ‘fake’ intel letter used to sink laptop story: ‘Actual disinfo operation’ helped Biden,Intel,irrelevant
4190801,Microsoft is allegedly creating a Slack competitor,Microsoft,irrelevant
1004237,13 ways to give the gift of Mackinac Island,Visa Inc.,irrelevant
1708661,Starbucks Just Revealed The Ideal Drink For Each Zodiac Sign,Starbucks,irrelevant
7087340,"Bank of America, M and others disclose gap between CEO and employee pay",Bank of America,irrelevant
236428,"How Goldman Sachs, UBS, and more reacted to Walmart's $10 billion 'Black Swan' deal to sell Asda",Walmart,relevant
44709,"Sean Hannity: If Walmart stops selling Confederate flags, they should stop selling rap music too",Walmart,irrelevant
4297741,Apple takes another step into Microsoft's core territory with Accenture deal,Microsoft,irrelevant
782429,Harvey Weinstein Taps Trump’s Travel Ban for New ‘Lion’ Oscar Messaging,Visa Inc.,irrelevant
7366870,here's everything I'd buy at Walmart's Black Friday sale,Walmart,irrelevant
4813282,Microsoft just introduced an ambitious subscription plan that makes the Xbox the best deal in gaming,Microsoft,relevant
7935361,Intel’s Stock Stock Rallied 91% This Year. Here’s What Drives It Higher in 2024.,Intel,irrelevant
426333,Shooting at Walmart in El Paso: multiple fatalities,Walmart,irrelevant
7047614,‘This is why I don’t like Goodwill’: Shopper finds Walmart clearance sweater tagged at $3. Then she sees how much Goodwill is selling it for,Walmart,irrelevant
5207105,GM Strike after a week: Sales hold up while parts shortages loom,General Motors,relevant
8424613,How grocery stores restock shelves in the age of coronavirus,Visa Inc.,irrelevant
6672902,"Uber, Private Ride Drivers to Sue Mayor of London for Discrimination",Uber,irrelevant
10490726,We talked to the execs behind Bloomberg's new data partnership with Goldman Sachs. Here's why they think it's a sign of Wall Street's future.,Goldman Sachs,relevant
3108760,Verizon accused of violating net neutrality rules by throttling video,AT&T,irrelevant
2566740,"EMMY® Winner Rushion McDonald Celebrates Five Years of Money Making Conversations Master Class, With Special Broadcast on September 27th",McDonald's,irrelevant
8363082,NYC becomes latest city to cut back on ties with Wells Fargo,Wells Fargo,relevant
3411762,Galaxy Z Flip 5G now up for preorder if you’d rather not wait for the Note 20,AT&T,irrelevant
1017168,Activists: 1st Amendment Rights Of Undocumented Immigrants Are Often Violated,Visa Inc.,irrelevant
584249,"Samsung's Most Luxurious TV Is $2,500 Off at Walmart for Presidents Day",Walmart,irrelevant
8362680,U.S. detention of European and Canadian tourists creates fear over traveling to America,Visa Inc.,irrelevant
3397410,Visiongain Publishes Top 20 Connected Aircraft Companies 2020 Report,AT&T,irrelevant
6428710,"Sidecar – Uber, Lyft Competitor in Ride-Sharing – Goes Belly Up",Uber,irrelevant
1025677,His son was killed by the Mexican cartel. This father was faced with the decision: Move or die,Visa Inc.,irrelevant
3367111,Where to watch 49ers vs Dolphins game today: Free live stream,AT&T,irrelevant
3027670,The FCC OKs Streaming for Free—But Net Neutrality Will Pay,AT&T,irrelevant
7431643,‘This is a gut check time’: Dan Rather demands Congress make Trump’s intel fiasco their ‘top priority’,Intel,irrelevant
8498873,From Russia with love: Successful KHL season could relaunch Wideman's NHL career,Visa Inc.,irrelevant
3576276,"MetLife gets '26 WC final, USMNT kicks off in L.A.",AT&T,irrelevant
4693982,"Gugu Mbatha-Raw, Richard Madden to Star in Netflix Thriller ‘Trinity’",Netflix,irrelevant
3136150,"Spurs brace for red-hot Davis, Pelicans",AT&T,irrelevant
3977873,"Netflix's Grand, Daring, Maybe Crazy Plan to Conquer the World",Netflix,irrelevant
5144297,Lordstown shifts gear to shakier future after GM announcement,General Motors,irrelevant
437672,Skillz Hires Airbnb Executive Ian Lee As CFO,Airbnb,irrelevant
6667230,Uber lawyer says class action trial in California could set a risky...,Uber,relevant
226236,"Chobani partners with Airbnb, MasterCard to help end refugee crisis",Airbnb,irrelevant
3486973,"Democrats question TV carriers' decisions to host Fox, OAN and Newsmax, citing 'misinformation'",AT&T,irrelevant
4061011,Why Did Netflix Decide to Move Forward With a Final Season of House of Cards?,Netflix,irrelevant
6969880,Prosecutors: South Carolina man killed Uber rider in 2019,Uber,irrelevant
1870457,Starbucks union workers in Buffalo walk out over ‘unsafe’ conditions,Starbucks,relevant
10532856,Post Holdings Appoints Dorothy M. Burwell To Board Of Directors,Goldman Sachs,irrelevant
2887384,"Apple Has New iPhone Satellite Features in the Works, Report Says",Apple Inc.,irrelevant
3405712,Mike Perry says he wasn't drug tested vs. Jake Paul: 'I was surprised',AT&T,irrelevant
3989525,Microsoft’s Last Windows Update For 600 Million Users—Act Now,Microsoft,irrelevant
3175755,Are mergers good or bad for the economy?,AT&T,irrelevant
11895448,Fedex Expects Fewer Packages During Holiday Season,FedEx,relevant
8575384,A Trump Manhattan hush money conviction would punch a hole in his election hopes: report,Visa Inc.,irrelevant
7147377,"Walmart Deals for Days sale is live – TVs, AirPods, Instant Pot, laptops, and more",Walmart,irrelevant
4764892,How Everyday Life in a Real Arctic Community Inspired Netflix’s North of North,Netflix,irrelevant
2932045,59 Twists & Turns to Verizon's Calculated Play to Go Wireless and to Dismantle & Trash the State-Based Wired Utilities,AT&T,irrelevant
5105715,China Seen Hitting GM On Price Fixing Amid Trump Rhetoric | Stock News Stock Market Analysis,General Motors,relevant
714615,Giants manager Bruce Bochy recovering from shoulder surgery,Visa Inc.,irrelevant
3048783,Carmelo Anthony Sends Love to La La Amid Split Drama,AT&T,irrelevant
962852,Report: Visa Overstays More Common Than Illegal Border Entries; Mexicans The Most Likely to Overstay,Visa Inc.,irrelevant
3744784,"Netflix's '13 Reasons Why,' TNT's 'Animal Kingdom' Receive California Tax Credits",Netflix,irrelevant
7414030,Intel Buys Mobileye for $15.3bn,Intel,relevant
7443461,Intel officials detail how Russian cyberattacks sought to interfere with U.S. elections,Intel,irrelevant
1016953,"21 Savage Is Released After Immigration Arrest, Lawyer Says",Visa Inc.,irrelevant
3615230,New on Netflix in November 2025 — The Full List of Movies and TV Shows,Netflix,irrelevant
4187894,Microsoft’s iPhone keyboard takes aim at Google with new built-in search,Microsoft,irrelevant
147514,"Walmart is selling a $110 Coca-Cola mini fridge for only $50, and it has a built-in Bluetooth speaker",Walmart,irrelevant
499306,"Watch Out Walmart, Amazon Is Making Inroads In Grocery",Walmart,irrelevant
876363,"Trading GE after earnings. Plus, the trade on Kroger & Novartis",Visa Inc.,irrelevant
2330953,"McDonald's workers, teachers rally in separate suburban May Day events",McDonald's,irrelevant
3561075,Lakers fall to Spurs in their California Classic finale,AT&T,irrelevant
6711493,"Uber drives onto Wall Street, but stock sinks below its IPO price",Uber,relevant
7401497,Aide says Trump 'accepts' US intel blaming Russia for hack,Intel,irrelevant
6112078,"Uber's Clever, Hidden Move: How Its Latest Fare Cuts Can Actually Lock In Its Drivers",Uber,irrelevant
7029033,Mid-Michigan Walmart store listed as possible coronavirus exposure site,Walmart,irrelevant
3274627,Astros to open 2018 season on the road against Rangers,AT&T,irrelevant
8352586,International students fight visa revocations and detentions in new federal lawsuits,Visa Inc.,irrelevant
4484141,"What To Watch On Netflix When It Snows, Based On Your Zodiac Sign",Netflix,irrelevant
9207244,Morgan Stanley Analyst Sees Long-term Growth Opportunities in Undervalued FIS Stock,Morgan Stanley,irrelevant
4661164,This Is How Much Netflix We're All Watching Every Day,Netflix,irrelevant
8117741,Athletics: Kenya's Korir misses out on visa for world championships,Visa Inc.,irrelevant
410976,Airbnb releases Enhanced Cleaning Protocol handbook,Airbnb,irrelevant
7306492,Skanska sells remaining stake in Bank of America Tower downtown,Bank of America,irrelevant
3418018,Samsung’s Galaxy Z Flip 3 is up to $500 off at Best Buy,AT&T,irrelevant
5122139,Morgan Stanley Restricts Coverage as Marchionne Eyes GM Deal,General Motors,irrelevant
3283425,Honoree tours Easterseals facilities,AT&T,irrelevant
7866688,Announcing Android Cloud Gaming Media Processing Delivery Solutions Based on the New Intel Data Center GPU Codenamed Arctic Sound-M,Intel,relevant
4635592,"Security startup Synack scores $21M investment from Microsoft, HPE and Singtel",Microsoft,irrelevant
2455117,A&E's 'Shipping Wars' features McDonald Auto Group owner and his World War 2 duck boat,McDonald's,irrelevant
3379734,Making a point about knives,AT&T,irrelevant
3441617,Bears vs. Panthers game today: Watch NFL Week 5 live stream free,AT&T,irrelevant
3172583,Fitbit employees charged with having stolen trade secrets,AT&T,irrelevant
3295718,Is Winter Finally Coming? HBO Braces for Post-'Game of Thrones' Landscape,AT&T,irrelevant
3003493,Dak Prescott leads Dallas Cowboys vs. hurting Chicago Bears,AT&T,irrelevant
7312095,Score an Apple Watch Series 7 for $299 at Walmart,Walmart,irrelevant
1004065,Milwaukee movies off the grid: April 21-23,Visa Inc.,irrelevant
6532294,"Uber safety driver of fatal self-driving crash was watching Hulu, not the road",Uber,irrelevant
6147129,California labor commission rules Uber drivers are employees,Uber,relevant
11910991,Stifel Maintains Buy Rating for FedEx: Here's What You Need To Know,FedEx,irrelevant
8630124,Regulator Blasts Wells Fargo for Deceptive Auto Insurance Program,Wells Fargo,relevant
3092975,The DOJ's AT&T-Time Warner case is political: Bibb,AT&T,irrelevant
7044782,"LIVESTREAMING SOCIAL COMMERCE PROVIDER, TALKSHOPLIVE, TEAMS UP WITH WALMART",Walmart,irrelevant
2944401,"Five thoughts: Texas Tech football announces 2016 schedule, including early road test, jam-packed finish",AT&T,irrelevant
10535791,Netflix Q2 Earnings Preview: Can the Streaming Giant's Run Continue?,Netflix,relevant
920242,EVTC Stock Price - Evertec Inc. Stock Quote (U.S.: NYSE),Visa Inc.,irrelevant
637595,Baptists and Walmart criticize rebel-themed Mississippi flag,Walmart,irrelevant
2572566,McDonald's All American Girls Game preview: Game plans and roster comparisons,McDonald's,irrelevant
640075,"Sony's best noise-cancelling headphones are $72 off right now at Amazon, Best Buy, and Walmart",Walmart,irrelevant
3016206,Celebrate closer EU union? Not with all that division,AT&T,irrelevant
3530239,Metallica Announce 2023-2024 World Tour,AT&T,irrelevant
812689,Visa dreams of turning your entire home into a cash register,Visa Inc.,relevant
7959892,U.S. swimmers' tall tale touches a raw nerve in Brazil,Visa Inc.,irrelevant
208082,"Don't let the sharing economy of Uber, Airbnb become the scofflaw economy",Airbnb,irrelevant
7810726,Trump apparently confirms sharing classified intel with Russians,Intel,irrelevant
3127376,New Cricket Wireless store opens in Harrisonville,AT&T,irrelevant
10334387,"If the trade situation worsens, look for stocks with this characteristic, Goldman Sachs says",Goldman Sachs,irrelevant
6322252,8 key findings on marijuana consumer trends from the 'Uber for weed',Uber,irrelevant
789418,"The Fatal Flaw in Trump’s Kinder, Gentler Travel Ban",Visa Inc.,irrelevant
8403808,The US canceled my mother's visa as she tried to visit her first grandchild,Visa Inc.,irrelevant
3379290,How to watch Ohio State football vs. Michigan FREE STREAM today,AT&T,irrelevant
8569626,Naperville News Digest,Visa Inc.,irrelevant
8427228,Exclusive-- Jim Jordan: Moderate and Conservative Reps. Frustrated with Speaker Ryan,Visa Inc.,irrelevant
4462657,Fuller House' Renewed for Fifth and Final Season on Netflix (Video),Netflix,irrelevant
7994637,Ex-leader of drug ring convicted in New Mexico homicide case,Visa Inc.,irrelevant
4378828,Justin Timberlake's new Netflix trailer will rock your body,Netflix,irrelevant
4349266,"Facebook denies giving Spotify, Netflix, other tech giants wider access to data without user permission",Netflix,irrelevant
3292775,5G networks are almost upon us. Will you be an early adopter?,AT&T,irrelevant
5144159,Trump says new auto tariffs being mulled after GM restructuring,General Motors,irrelevant
1573662,A Starbucks drive-thru could soon serve City College and Land Park,Starbucks,irrelevant
10409194,Goldman Sachs bought Commerzbank's claim in Saudi's biggest debt...,Goldman Sachs,relevant
4762085,Netflix Sets Screening Series ‘1975: Fifty Is the New Hollywood’ at Los Angeles’ Egyptian Theatre,Netflix,irrelevant
5354364,Andretti Partnering With GM For F1 Entry,General Motors,relevant
7340044,Intel's president on why it's critical to steer girls toward tech,Intel,irrelevant
4480445,Get Microsoft Office 2019 on sale for just A$30 — pay once and use it forever,Microsoft,irrelevant
2952771,Meet the humans of the world’s biggest tech show,AT&T,irrelevant
5057206,Ford's Lincoln Makes Play for GM-Dominates Big SUV Market,General Motors,irrelevant
3160624,Official who leaked Cohen's financial records did so out of alarm over missing documents,AT&T,irrelevant
8507331,Afghanistan’s neighbors watch warily as Taliban completes its dramatic takeover,Visa Inc.,irrelevant
3058299,"Fleury, Methot, Neal give Golden Knights a solid foundation",AT&T,irrelevant
3516408,"Batgirl,' David Zaslav and the End of Streaming Evangelism in Hollywood (Column)",AT&T,irrelevant
3054320,Speedway has one of the first residential tests of 5G in America. Here's what that means,AT&T,irrelevant
4767866,"Netflix Supports Brazilian Cinematheque Restoration With $875,000 Cash Donation",Netflix,irrelevant
373271,Airbnb wants to replace hotels at the Olympics,Airbnb,relevant
3262731,AT&T touts Time Warner merger at U.S. Senate hearing,AT&T,relevant
3255880,"Game of Thrones' Season Premiere Leak Helps Gamblers, Bookie Takes Bath",AT&T,irrelevant
4514618,Microsoft buys up more metro-Phoenix land for $37 million,Microsoft,relevant
7174684,"California woman attacked in Walmart, caught on video",Walmart,irrelevant
3633037,‘Cancel Netflix’ Campaign Backed By Elon Musk Explained,Netflix,irrelevant
10457319,Goldman Sachs believes Trump's tariffs leave U.S. in an 'event-driven' bear market,Goldman Sachs,irrelevant
5320381,LG Chem shares slide amid electric vehicle battery-fire probe with GM,General Motors,relevant
3226507,Best and worst moments from the Redskins’ 38-14 loss to the Cowboys,AT&T,irrelevant
4019523,Microsoft Still Facing Xbox 360 Lawsuit Surrounding Scratched Discs,Microsoft,irrelevant
10117724,Goldman Sachs to invest $184 million in Brazil storage company: executive,Goldman Sachs,relevant
3075475,AT&T-Time Warner Merger: Justice Department Not Stopping Acquisition,AT&T,relevant
6492152,Uber identifies items most commonly left behind,Uber,irrelevant
3350603,Defensive miscue opens door for Mariners as Tigers drop series finale,AT&T,irrelevant
1755612,Starbucks Barista Fired for Writing 'Pig' on Police Officers' Drinks,Starbucks,irrelevant
3468327,Marco Antonio Solís and Los Bukis Reunite For First Time in 25 Years For Three Shows,AT&T,irrelevant
3543591,Karl Malone's 'Pedophile' Past Resurfaces After NBA Taps Him to Judge Dunk Contest,AT&T,irrelevant
7141014,Walmart outlines stages of back-to-office plan,Walmart,irrelevant
8578567,Australia could deny Ye a visa because of his antisemitic remarks,Visa Inc.,irrelevant
2967602,Sports On the Air - April 10,AT&T,irrelevant
133852,Walmart's ‘Beautiful’ and 'Sturdy' $110 Floor Lamp Is on Sale for Just $38,Walmart,irrelevant
1075856,2 Trump Stories on Social Media You Shouldn't Believe,Visa Inc.,irrelevant
4139013,Netflix Oscar Shows Heavy Investment Is Paying Off,Netflix,relevant
4707219,Microsoft to Shut Down Skype,Microsoft,relevant
794029,"""60 Minutes"" examines H-1B visas outsourcing American jobs",Visa Inc.,irrelevant
7257856,Bank of America Sees 10% Further Upside for European Equities by Third-Quarter,Bank of America,irrelevant
10448571,argenx to Present at Goldman Sachs 46th Annual Global Healthcare Conference,Goldman Sachs,irrelevant
7292401,Walmart to Stop Offering Single-Use Bags,Walmart,relevant
6135324,"City council in Portland, Oregon, gives approval for Uber to operate",Uber,irrelevant
10135625,BRIEF-Janus Capital Group Q3 earnings per share $0.22,Goldman Sachs,irrelevant
3208638,At Least 60 Stores Will Keep Their Doors Closed On Thanksgiving Day 2018 — See The List,AT&T,irrelevant
3118082,Big shows headed to the San Antonio area,AT&T,irrelevant
450140,Airbnb hosts are trying to turn away inauguration rioters. One listing added a photo of Michelle Obama.,Airbnb,irrelevant
8394723,New Zealand Plans ‘Golden Visa’ Changes to Lure Wealthy Migrants,Visa Inc.,irrelevant
4132111,Everything coming to Netflix in March — and what's leaving,Netflix,irrelevant
6393817,An Uber Eats Delivery Guy Sent This Woman A Smart Ass Response And People Are Losing It,Uber,irrelevant
4078625,Making a Murderer: Netflix Outshines The Jinx With Stunning True-Crime Saga,Netflix,irrelevant
3408658,Christopher Nolan movie 'Tenet' delayed again amid coronavirus outbreak,AT&T,irrelevant
3127813,Rory McIlroy Misses Cut at Pebble Beach on Saturday by 2 Strokes,AT&T,irrelevant
213904,Who is Bradford James Gille? What we know about Walmart stabbing suspect,Walmart,irrelevant
8440699,Plan to end work permits for spouses of skilled visa workers leaves Minnesota families in limbo,Visa Inc.,irrelevant
4324681,"Accenture, EY, Google, Microsoft And Other Leaders Find Great Value In Employees With Disabilities",Microsoft,irrelevant
32369,Walmart’s new green product label is the most misleading yet,Walmart,irrelevant
6139001,"Uber Accused of Ripping Off Ideas, and Everything Else You Missed",Uber,irrelevant
1064479,Lawmakers Question Libra Amid Facebook Privacy Concerns,Visa Inc.,irrelevant
4241388,Microsoft’s Windows 10 Creators Update will launch April 11,Microsoft,relevant
6743837,"Walmart holiday quarter sales rise, ecommerce jumped 43 percent",Walmart,relevant
2962231,YouTube tunes into T-Mobile's Binge On at last,AT&T,irrelevant
4979994,Court rules GM is shielded from death claims by bankruptcy,General Motors,relevant
10296433,The CEO of Goldman Sachs cryptically tweeted about the bank's post-Brexit plans in the UK,Goldman Sachs,irrelevant
6632045,#DeleteUber: company automates account removal due to demand,Uber,irrelevant
580999,Is Walmart open on Thanksgiving in Milwaukee? Hours today Black Friday,Walmart,irrelevant
2958646,Phil Mickelson: Golfer's trophy drought continues,AT&T,irrelevant
4272265,Hold onto your soggy bottoms: 'The Great British Baking Show' is moving to Netflix,Netflix,irrelevant
8376764,Joe Biden is using every trick in the book to wipe away the Big Stink from his tenure — but nothing is working,Visa Inc.,irrelevant
6324981,No massages? Why Uber's workplace is different than other tech companies,Uber,irrelevant
3518775,A monumental case looks to crack open the world of auto-warranty robocalls,AT&T,irrelevant
1770804,Starbucks' Valentine's Menu Has Finally Arrived & It Includes 3 New Refreshers,Starbucks,irrelevant
2899741,San Clemente's issue with renovating beach bathrooms: Beige or white?,AT&T,irrelevant
474435,9 Disturbing Stories From People Who Say They Found Cameras in Their Airbnb,Airbnb,irrelevant
7387668,"Iran Already Sanitizing Nuclear Site, Intel Warns",Intel,irrelevant
7762957,"In light of Apple Silicon, should you buy the new Intel-based 2020 27-inch iMac?",Intel,irrelevant
7071049,"Watch: Looters In Philadelphia Run Out Of Walmart With TVs, Electronics",Walmart,irrelevant
4117635,Netflix Just Released a Surprise Sequel to Cloverfield,Netflix,irrelevant
8602107,Binance Card Holders Brace for Impact as Mastercard and Visa Reassess Ties,Visa Inc.,relevant
216381,"Walmart Yodel Boy Went on 'Ellen' and It Was, Uh, Something All Right",Walmart,irrelevant
2940704,Here Is Your WIRED Star Wars Challenge for Day 168,AT&T,irrelevant
383015,"Airbnb Drops Camel Rides But Giza’s Already Changing, Here’s What To Know",Airbnb,irrelevant
8354019,Morning Agenda: The Wells Fargo Clawback,Wells Fargo,relevant
3356015,"PGA Tour $1 million parlay picks, odds for the 2025 AT&T Pebble Beach Pro-Am: Get an epic return on a $10 bet",AT&T,irrelevant
3546559,"With DeSantis’s exit, Haley backers in New Hampshire see a flicker of hope.",AT&T,irrelevant
3898763,"Netflix's new Drew Barrymore zombie show 'Santa Clarita Diet' is a gory, disgusting mess",Netflix,irrelevant
3874453,Gilmore Girls: A Year in the Life': What to know before the Netflix revival premieres,Netflix,irrelevant
8598861,"Melanie Lynskey, Buffy The Vampire Slayer Willow Audition",Visa Inc.,irrelevant
745204,"Affidavit: Texas Chick-fil-A supervisor stole more than $100,000 over 3 years from restaurant",Visa Inc.,irrelevant
9529269,Made my night': Starbucks customer says barista gave her 3 extra-large Strawberry Açaí drinks for free after she only asked for a cup of water,Starbucks,irrelevant
7195126,"Companies unlikely to require COVID-19 vaccine, Walmart CEO says",Walmart,relevant
4304292,"Marvel’s ‘Iron Fist’ Canceled By Netflix, There Will Be No Season 3 For Danny Rand & Company",Netflix,irrelevant
8346622,"TwinSpires offer code for Preakness Stakes 2025: Get up to $400 in bonus funds, site review, promos",Visa Inc.,irrelevant
7344791,"Bank of America grants $250,000 to fine arts museum",Bank of America,irrelevant
4621624,Game of Thrones Creators David Benioff and D.B. Weiss Sign Massive Overall Deal With Netflix,Netflix,relevant
7534699,Cramer: I have faith others can take charge at Intel after Brian Krzanich's ouster,Intel,irrelevant
3569678,Speed Read: Comedian Maria Bamford Takes Us Inside Her Darkest Thoughts,AT&T,irrelevant
10144227,Why Bernie Sanders should talk A LOT more about Hillary Clinton and Goldman Sachs,Goldman Sachs,irrelevant
3318928,Doubts Linger About CBS-Viacom Merger,AT&T,irrelevant
8112301,ICE says detained Maine police officer overstayed visa. The chief says he cleared a federal check,Visa Inc.,irrelevant
3021900,Alabama-Clemson: How did ESPN do in national championship?,AT&T,irrelevant
6225097,"""Really ruined my day for no reason"": Uber rider says driver deliberately sabotaged her trip to critical sonogram appointment",Uber,irrelevant
5207044,Teamsters refusing to transport GM vehicles in solidarity with UAW,General Motors,relevant
2965080,Time Warner says it's giving up on efforts to sign other providers to carry Dodgers,AT&T,irrelevant
3495052,AT&T finally finds buyer for Xandr advertising business in Microsoft,AT&T,relevant
3262424,Verizon says it won’t launch fake 5G icons like AT&T did,AT&T,irrelevant
2926302,AT&T purchase of DirecTV set to close after approval from FCC,AT&T,relevant
3501067,"AT&T, Wells Fargo fall; Fastenal, Bank of New York Mellon rise, Friday, 7/12/2024",AT&T,irrelevant
3093081,AT&T says timing of Time Warner deal completion now uncertain,AT&T,relevant
3313528,AT&T CEO Calls 'Crickets' From CBS On Carriage Fight,AT&T,relevant
3477632,General Motors and AT&T will offer 5G connectivity in certain vehicles from model year 2024,AT&T,relevant
3057938,DirecTV Now tempts potential subscribers with free Roku box,AT&T,irrelevant
3271677,Speed Round: Cody Gribble's final round at AT&T Pebble Beach Pro-Am,AT&T,irrelevant
468951,The scariest house on Airbnb is the 'Hocus Pocus' cottage,Airbnb,irrelevant
357737,"Broken windows, shootings, bathroom lock-ins. How to prevent someone from hosting an all-night rager in your Airbnb",Airbnb,irrelevant
363655,This Digital Sheriff Helps Cities Wrangle Airbnb Rules,Airbnb,irrelevant
424603,Airbnb received a cloud contract extension this year as the pandemic raged,Airbnb,relevant
211729,"With rental rules set to change, can Airbnb succeed in Japan?",Airbnb,relevant
477820,AirBnB says people are still spending big on travel and but they're choosing shorter stays in bigger cities,Airbnb,relevant
297710,Could an Airbnb be opening in your neighborhood? It depends,Airbnb,irrelevant
295216,"Airbnb seeks to broaden appeal, adds more hotel listings, loyalty program",Airbnb,relevant
492006,Airbnb is verifying all properties in its top five markets including the U.S.,Airbnb,irrelevant
430838,'Grace'-Land: Jeff Buckley's Memphis Home Is Being Turned Into a 'Tribute' Airbnb,Airbnb,irrelevant
3416936,"Amazon flexes muscles over Seattle tax threat, halting construction on a new office tower",Amazon,relevant
2782343,"Amazon unveils new smart-home products, but are consumers ready?",Amazon,relevant
2655551,Xbox One with new controller and more storage appears on Amazon,Amazon,irrelevant
11100451,"Five things you need to know today, and after last night I have no doubt Amazon will rule the world",Amazon,irrelevant
11142160,UPDATE 1-Amazon to launch video streaming service in Japan,Amazon,relevant
2619201,Amazon Giveaway lets anyone run a sweepstakes and rack up Twitter followers,Amazon,irrelevant
3096969,"After Whirlpool gets slammed from Amazon-Sears deal, JPMorgan calls fears 'overdone'",Amazon,irrelevant
3490156,FDA chief on Amazon's health-care move: 'Disruptive competition is a good thing',Amazon,relevant
11498784,"Even with Whole Foods, Amazon would need many more warehouses to reshape grocery delivery",Amazon,relevant
3147691,Could The Whole Foods Acquisition Undermine America's Biggest Consumer Brands?,Amazon,irrelevant
10919001,"Amazon, Apple and Facebook Once Led the Market. Now They Are Driving It Down.",Apple Inc.,irrelevant
10522655,Daily Report: Alphabet Eclipses Apple to Become the Most Valuable Company,Apple Inc.,irrelevant
9626426,Apple Chief Calls Court Order to Unlock iPhone ‘Unprecedented Step’,Apple Inc.,relevant
10152529,ESPN’s Apple TV app now lets you watch four games at once,Apple Inc.,irrelevant
9937679,Apple is investing $1 billion in Softbank's Vision Fund,Apple Inc.,relevant
10837312,Apple revenue rises on higher-than-expected iPhone shipments,Apple Inc.,relevant
10606281,Apple iPhone chip supplier says virus will delay shipments,Apple Inc.,irrelevant
11413418,"Apple Music Invites You to Chill to Muzak-y Versions of Songs From UMG Artists Including Katy Perry, Kacey Musgraves",Apple Inc.,irrelevant
9563878,Enlisting Apple and Google to fight terrorists: Is it a good idea?,Apple Inc.,irrelevant
9368407,"Apple's music service may fight Spotify with exclusives, not price",Apple Inc.,irrelevant
11677509,Warren Buffett watcher echoes warning on bitcoin: 'We're probably near the top of a bubble',Berkshire Hathaway,irrelevant
11766275,Brett Veatch ranked among top 1/2% of Berkshire Hathaway Real Estate Brokers,Berkshire Hathaway,irrelevant
11706222,"In Bullish Move, Buffett’s Berkshire Lifts Cap on Buybacks",Berkshire Hathaway,relevant
11784132,"No chance Warren Buffett is doing something ‘deeply evil,’ says Charlie Munger",Berkshire Hathaway,irrelevant
11745264,Warren Buffett’s Berkshire Isn’t Getting the Love for Its Apple Stake,Berkshire Hathaway,relevant
11733284,Warren Buffett’s annual lunch auction starts Sunday evening,Berkshire Hathaway,irrelevant
11712408,Fire Warren Buffett? Investors obsessed with quarterly performance probably would,Berkshire Hathaway,irrelevant
11781023,"Warren Buffett Sold His Only REIT Last Year, But He's Betting Big On Housing With Three New Investments",Berkshire Hathaway,relevant
11700745,BRIEF-Berkshire Hathaway Energy says agreement to acquire Oncor...,Berkshire Hathaway,relevant
11638953,"After Berkshire Hathaway deal, Portland charities call out Precision Castparts for lack of community investment",Berkshire Hathaway,irrelevant
12011608,UK To Deeply Scrutinize Broadcom-Vmware Deal,Broadcom,relevant
12005505,Broadcom Unusual Options Activity For May 21,Broadcom,irrelevant
11945558,Broadcom profit and revenue miss forecasts,Broadcom,relevant
12008392,"Broadcom Inc. Announces Conversion Date for Mandatory Convertible Preferred Stock, Series A",Broadcom,relevant
11948559,BRIEF-Broadcom: Maslowski's employment with the company has been terminated,Broadcom,relevant
12016859,Broadcom and Google Cloud Announce License Portability Support for VMware Cloud Foundation on Google Cloud VMware Engine,Broadcom,relevant
12011574,Broadcom Unusual Options Activity For March 16,Broadcom,irrelevant
12016874,"Broadcom, Dollar General Earnings and More to Watch",Broadcom,irrelevant
12011135,Broadcom stock dinged in final minutes on report Apple working on its own WiFi/Bluetooth chips,Broadcom,relevant
12010766,After-Hours Action: Why Broadcom Stock Is On The Move,Broadcom,irrelevant
7453086,"Oil And Gas Deals Accelerate As Shell, ExxonMobil Exit California",ExxonMobil,relevant
1098045,"ExxonMobil Wins An Anti-SLAPP Motion In Texas, While Landry's Loses",ExxonMobil,relevant
7447972,ExxonMobil Wishes Australia a 'Fun' New Year as Country Burns in Climate Crisis,ExxonMobil,irrelevant
1083163,Exxon Mobil Beats On Earnings While Sales Fall Short,ExxonMobil,relevant
1088698,"ExxonMobil's run may be running out of steam, Bank of America says",ExxonMobil,irrelevant
1083730,Exxon Mobil says oil discovery off Guyana is 'significant',ExxonMobil,relevant
7420351,Chevron: It’s Not ExxonMobil But No One Seems to Mind,ExxonMobil,irrelevant
7380669,BRIEF-Nordic American Tanker Ltd says enters 30 month contract with Exxonmobil subsidiary,ExxonMobil,irrelevant
1083380,ExxonMobil Chief To Meet With Russian Energy Officials In Moscow To Discuss Stalled Energy Cooperation,ExxonMobil,relevant
7385732,ExxonMobil made deals with Iran while Tillerson was CEO,ExxonMobil,relevant
11690934,Walgreens Continues To Leverage Real Estate With New FedEx Deal,FedEx,irrelevant
11708636,"President Trump sent FedEx courier a $10,000 check in the mail",FedEx,irrelevant
11684912,FedEx is set to hire 500 workers in Greater Cincinnati for the holidays,FedEx,irrelevant
11785333,Wyndham Championship dominated by pushes for FedEx Cup positioning,FedEx,irrelevant
11796748,New York Times/FedEx Squabble Tries to Oversimplify Complicated Data,FedEx,irrelevant
11886716,Cash Dividend On The Way From FedEx,FedEx,relevant
11652591,FedEx indictment on illegal drug shipments will go forward,FedEx,relevant
11661893,"Jordan Spieth wins Tour Championship, FedEx Cup title and £7.5m",FedEx,irrelevant
11773809,"FedEx Corporation (NYSE:FDX), Home Depot, Inc. (The) (NYSE:HD)",FedEx,irrelevant
11868583,FedEx mass shooting: Watch a news update about investigation,FedEx,irrelevant
2020059,"Lee Iacocca, Visionary Automaker Who Led Both Ford and Chrysler, Is Dead at 94",Ford Motor Company,irrelevant
2024706,"Amid Coronavirus, Ford Overall U.S. Sales Decline 12.5 Percent",Ford Motor Company,relevant
2036854,"Ford Halts 2024 F-150 Lightning Deliveries For Quality Checks, Gas-powered F-150 Shipments Begin: Report",Ford Motor Company,relevant
2032110,Will Ford Stock Reach $20 By 2022?,Ford Motor Company,irrelevant
2017456,Eagerly waiting to buy a Ford GT? Orders open today,Ford Motor Company,irrelevant
2022532,"Ford Reveals Special Editions, Surprise Call From Trump",Ford Motor Company,irrelevant
2026052,Trump blasts Michigan AG over concern he didn’t wear mask at Ford plant,Ford Motor Company,irrelevant
2010914,Ford Motor Q2 Profit Beats Estimates; Auto Segment Operating Margin Down 1.8%,Ford Motor Company,relevant
2034626,Report: Ford to Cut About 3K Jobs amid Transition to Electric Vehicles,Ford Motor Company,relevant
2005377,Ford CEO Outlines Plans To Compete With Ride-Hailing Services,Ford Motor Company,relevant
5077682,General Motors will test self-driving cars on public roads in Michigan,General Motors,relevant
5261075,"Federal Judge Rejects General Motors' Argument That Fuel Pump Defect A ""Mere Inconvenience""",General Motors,relevant
5086127,"General Motors upgraded to outperform at Credit Suisse, price target raised to $38",General Motors,irrelevant
5264819,"General Motors to build Cruise Origin electric self-driving shuttle, electric trucks in Detroit",General Motors,relevant
5047866,General Motors' U.S. sales fall 3.8% in January,General Motors,relevant
5328176,"General Motors to Lay Off 1,000 Software Employees, Including 600 Workers in Michigan",General Motors,relevant
5014137,General Motors design chief Ed Welburn to retire after 44 years,General Motors,irrelevant
4968152,"General Motors lays off 3,300 amid electric vehicle issues",General Motors,relevant
4996735,"General Motors Chevrolet Buick Recall 2015: Is Your Car Affected? How To Check Model, Year To See If You're One Of 6.5M Recalled",General Motors,relevant
5354004,Mary Barra Is Still Committed to General Motors’ EV Push Amid Industry Challenges,General Motors,relevant
7386554,"First National Realty Partners Acquires A 339,464 SF Home Depot And Schnucks Dual Anchored Center",Home Depot (The),irrelevant
7389043,Video: Texas woman ends up in Mexico while trying to get to Home Depot to buy zip ties,Home Depot (The),irrelevant
7386294,JOHN TAMNY: Bernie Marcus Built A Legacy Through Home Depot’s Success,Home Depot (The),irrelevant
7385943,"Stock Movers: Carmax, Circle, Home Depot",Home Depot (The),irrelevant
7383588,"Home Depot hiring more than 80,000 workers for spring",Home Depot (The),irrelevant
7386107,Home Depot Gets Hammered As Gross Margins Decline Year-Over-Year. Here’s How To Trade The Stock Now.,Home Depot (The),relevant
7383581,BRIEF-The Home Depot Announces Q4 Earnings Per Share $1.52,Home Depot (The),relevant
7383096,Home Depot Q2 income rises 9.3% as store sales climb,Home Depot (The),relevant
7388999,Home Depot sees shoppers pulling back. So why is Warren Buffett bullish on home builder stocks?,Home Depot (The),irrelevant
7385831,Escaped calf killed behind Connecticut Home Depot sparks outrage,Home Depot (The),irrelevant
7447062,This 75-year-old NASA legend has been working in secret for 10 years building a startup that wants to outdo Intel and Google,Intel,irrelevant
7657876,Adam Schiff threatens to defund intel community unless Trump whistleblower details disclosed,Intel,irrelevant
7458356,Fiat Chrysler joins BMW-Intel to develop driverless cars,Intel,relevant
7422263,The Private Contractors Using Vault 7 Tools for US Gov: Testimony Shows US Intel Needs a Ground-Up Rebuild Part 1,Intel,irrelevant
7878892,"Mobileye prices IPO above targeted range to raise nearly $1 billion, and most of it will go to Intel",Intel,relevant
7925815,EU hits Intel with $400 million antitrust fine in long-running computer chip case,Intel,relevant
7343525,Intel to cut 2.5% of Folsom campus workforce,Intel,relevant
7869874,Intel Unveils New Funding Model to Enable Huge Chip Project,Intel,relevant
7528728,"Stocks making the biggest moves premarket: Intel, Centene, Deckers, Paramount and more",Intel,irrelevant
7869342,McCarthy to Subpoena Intel Agency Chiefs in Biden Family Probe,Intel,irrelevant
6136114,"Three charged in cyberattacks against JPMorgan Chase, other financial institutions",JPMorgan Chase,relevant
6303698,JPMorgan Chase to pay $920 million to resolve illegal trading cases,JPMorgan Chase,relevant
6264691,JPMorgan Chase’s Jamie Dimon talks tariffs and the possibility of a recession,JPMorgan Chase,irrelevant
6306175,JPMorgan Set to Kick Off Third-Quarter Earnings Season,JPMorgan Chase,relevant
6193985,JPMorgan to pay $136M settlement of credit card probes,JPMorgan Chase,relevant
6133074,"JPMorgan Head: Go With Politician for President, Not CEO",JPMorgan Chase,irrelevant
642315,UPDATE 1-JPMorgan Chase responding to requests on fair banking access,JPMorgan Chase,relevant
6270798,JPMorgan Planning to Bring Staff to Office Five Days a Week,JPMorgan Chase,irrelevant
6353507,3 Quotes From JPMorgan Chase CEO Jamie Dimon: 'The Biggest Mistake We Could Make Is Being Complacent',JPMorgan Chase,irrelevant
6317154,"JPMorgan Chase Publishes 2020 Annual Report, Including Chairman & CEO Letter To Shareholders",JPMorgan Chase,relevant
8833025,J&J says new tests find no asbestos in recalled baby powder,Johnson & Johnson,relevant
8771402,Johnson & Johnson loses another talcum powder cancer lawsuit,Johnson & Johnson,relevant
8993590,J&J to buy heart pump maker Abiomed for $16.6B,Johnson & Johnson,relevant
8859800,"Johnson & Johnson CFO on Q2 earnings, raising guidance, Covid-19 and more",Johnson & Johnson,relevant
8897035,"Johnson & Johnson Vaccine Batch Ruined At Baltimore Factory, Drug Giant Says",Johnson & Johnson,relevant
8854453,"Johnson & Johnson Discontinues Talc Baby Powder in U.S., Canada",Johnson & Johnson,relevant
8990707,"Johnson & Johnson Stock Gains After Unveiling $5 Billion Buyback Program, Repeating Profit Targets",Johnson & Johnson,relevant
8812495,U.S. justices reject Johnson & Johnson unit's anti-psychotic drug...,Johnson & Johnson,relevant
8779869,Johnson & Johnson Hit With $247 Million Verdict in Hip Implant Trial,Johnson & Johnson,relevant
8909092,Fauci expects Johnson & Johnson COVID-19 vaccine will 'get back on track' soon,Johnson & Johnson,relevant
8706374,Western Union/Mastercard Partnership (Graphic: Business Wire),Mastercard,relevant
8637752,MasterCard's profit rises 12.7 pct,Mastercard,relevant
8705943,DACO suspects PayPal and Mastercard of discriminating against consumers in Puerto Rico,Mastercard,relevant
8619006,BRIEF-Mastercard CFO Sachin Mehra Says Seeing Continued Steady Growth Across Affluent And Mass Market Consumers,Mastercard,relevant
8682161,"Card fraud is declining says Mastercard. Unfortunately, social scams are on the rise",Mastercard,irrelevant
8723214,Mastercard Whale Trades For July 11,Mastercard,irrelevant
8643093,"EMV chip card adoption has reached 88% since last year, according to MasterCard",Mastercard,irrelevant
8701935,Wirex To Launch Multi-currency Wirex Mastercard Card,Mastercard,irrelevant
8728734,"Mastercard hikes dividend by 16%, announces new $9 billion buyback program",Mastercard,relevant
8715163,Mastercard wants to tackle crypto and blockchain fraud with CipherTrace deal,Mastercard,relevant
4927711,"Facebook parent Meta Platforms’ head of communications leaves, creating damage-control void",Meta Platforms,irrelevant
4896633,"Profit-taking hits the AI trade again, and Instagram reaches 3 billion monthly users",Meta Platforms,relevant
4936767,"Facebook Users Lose Followers Mysteriously, Mark Zuckerberg's Number Down To Mere 9,993 — Here's What Happened",Meta Platforms,irrelevant
4963727,Thousands of fake Facebook accounts shut down by Meta were primed to polarize voters,Meta Platforms,relevant
4913966,Facebook Says Apple's Privacy Push Will Cost $10B (But Can't Stop It),Meta Platforms,relevant
4925358,"Turkish woman arrested for criticising Instagram ban, media says",Meta Platforms,irrelevant
4936654,Facebook janitors protest layoffs and labor practices in Bay Area strike — with no end in sight,Meta Platforms,irrelevant
4894072,Motion Picture Association Demands Meta Stop Calling Instagram Teen Content 'PG-13',Meta Platforms,irrelevant
4916930,Kanye West Suspended From Instagram For 24 Hours On Policy Violation,Meta Platforms,irrelevant
4910808,WhatsApp says spyware firm targeted users in 24 countries,Meta Platforms,relevant
4053077,"Virtualization: Security's Silver Bullet. Bromium, Microsoft, VMware Show The Way",Microsoft,irrelevant
4440969,Reports Filed In Microsoft Lawsuit Find 'Significant' Gender Gap At Firm,Microsoft,relevant
4395926,Want to see all data Windows 10 sends Microsoft? There’s an app for that,Microsoft,irrelevant
4399217,GitHub Billionaires Will Own More Microsoft Stock Than Its CEO,Microsoft,irrelevant
4462445,Microsoft Co-Founder and Seahawks Owner Paul Allen Dead at 65,Microsoft,irrelevant
4538964,"IBM Makes Watson Available Across Amazon, Microsoft, and Google Clouds",Microsoft,irrelevant
4787564,"Microsoft was prudent to warn about coronavirus impact, analyst says",Microsoft,relevant
4205861,Microsoft to deliver Visual Studio for Mac,Microsoft,relevant
3981033,Microsoft Copilot just got access to your Gmail,Microsoft,irrelevant
4052462,Why Microsoft can’t ditch phones…just yet,Microsoft,irrelevant
3727606,Netflix Will Stream 'Star Wars: The Force Awakens' — But Only in Canada,Netflix,irrelevant
4799593,A Disappointing Update About ‘One Piece’ Season 2 On Netflix,Netflix,irrelevant
4771517,"Your Netflix alternative is here, and it’s only A$23 for life",Netflix,irrelevant
4219537,Netflix Fires Chief Communications Officer Over Use of Racial Slur,Netflix,relevant
4171874,"Adyen, a payments firm with clients such as Netflix and Uber, is eyeing an IPO after record revenues",Netflix,irrelevant
4597751,Woody Harrelson Joins Mary Elizabeth Winstead in Thriller 'Kate' at Netflix,Netflix,irrelevant
4493027,Catherine Reitman Proves That Women Led Production Leads To Netflix & Success,Netflix,irrelevant
4746702,"Chrissy Teigen to Appear on Season 2 of Meghan Markle's Netflix Series With Love, Meghan",Netflix,irrelevant
4690592,911 Supervisor Played Netflix Movie as Caller Sought Help,Netflix,irrelevant
4096223,Josh Hartnett’s Newfoundland Netflix Series Adds Four to Cast as Production Begins,Netflix,irrelevant
4710631,"Nordstrom Promo Codes: Shop Top Deals On Nike, Birkenstock And More","Nike, Inc.",irrelevant
11773296,Adidas takes 12-10 lead over Nike in World Cup shirt deals,"Nike, Inc.",irrelevant
4439706,"Report: Texas to sign 15-year deal with Nike, richest in college sports","Nike, Inc.",relevant
4433652,"Dear Nike, When Can We Expect Those Shoes From Back to the Future II?","Nike, Inc.",irrelevant
4677172,Nike drops Antonio Brown amid sexual assault lawsuit,"Nike, Inc.",relevant
4815509,A pair of rare Nike sneakers may be the key to catching a Washington riot suspect,"Nike, Inc.",irrelevant
4724107,Nike made sneakers that represent iconic jobs in major cities like New York and London. Here's what they look like.,"Nike, Inc.",irrelevant
4588217,Backlash after Colin Kaepernick named face of Nike ad,"Nike, Inc.",relevant
11663508,Nike plans to sell the self-lacing sneakers from Back to the Future,"Nike, Inc.",irrelevant
11764105,Premarket: China tariffs; Facebook's Zuckerberg speaks; Nike earnings,"Nike, Inc.",irrelevant
3644222,Nvidia GeForce Now game streaming comes to Shield devices for $8 per month,Nvidia,relevant
3853011,Nvidia Shield (2019) review,Nvidia,irrelevant
3964370,How To Invest In Magnificent Seven Stocks Like Nvidia In 2024,Nvidia,irrelevant
3719843,"Nvidia Rival Groq Reportedly Eyes $6 Billion Valuation, Cisco And Samsung-Backed Company Looks To Double Valuation Amid Surging AI Chip Demand",Nvidia,irrelevant
3745227,Here's what every major analyst expects from Nvidia's earnings report after the bell,Nvidia,relevant
3668199,"Baidu partners with Ford, Nvidia, and others to boost its self-driving car platform",Nvidia,irrelevant
3719396,Nvidia became the first company valued at over $4 trillion. Here's what that means for AI.,Nvidia,irrelevant
3852262,Setback for Nvidia’s $54 billion ARM bid as EU regulators open probe,Nvidia,relevant
3916920,This AI Stock Is Up 254% Year-To-Date — And It's Not Nvidia,Nvidia,irrelevant
3938501,"Here's How Much Cathie Wood, Ark Invest Flagship Fund Missed By Selling Nvidia Early",Nvidia,irrelevant
5767578,"Pfizer, BioNTech Seek Full US Approval For Covid-19 Vaccine",Pfizer,relevant
5674390,"UPDATE 1-Pfizer, BioNTech start combined trials of COVID-19 vaccine candidate in Japan",Pfizer,relevant
5704722,Amnesty International: Pfizer 'Misleading' Poor Countries with Vaccine Info,Pfizer,relevant
5828042,Pfizer CEO says COVID-19 vaccine-resistant variant likely to emerge,Pfizer,irrelevant
5557595,Pfizer will roll back drug prices after discussion with Trump,Pfizer,relevant
5713169,Pfizer says its booster shot has 95.6% efficacy against COVID-19 amid the Delta variant,Pfizer,relevant
5723008,Pfizer expects to have safety and efficacy data for its COVID-19 vaccine in children in late September,Pfizer,relevant
5967480,Tomi Lahren Taylor Swift remark goes viral after Travis Kelce Pfizer uproar,Pfizer,irrelevant
5653221,Corporate Scientific Leadership Key To Pfizer’s Covid-19 Vaccine Success,Pfizer,irrelevant
5961409,Continued strong Cresemba® (isavuconazole) sales by Pfizer trigger USD 26 million sales milestone payments to Basilea,Pfizer,irrelevant
7477826,P&G's Gillette Woes Have Translated To This Good News For Consumers,Procter & Gamble,irrelevant
7530497,"P&G raised prices 10%, and the volume of products sold fell more than expected",Procter & Gamble,relevant
7475141,Procter & Gamble may drop USA Gymnastics sponsorship after sex abuse scandal,Procter & Gamble,relevant
7481244,JPMorgan downgrades Procter & Gamble as worries grow over consumer spending,Procter & Gamble,irrelevant
7504900,"Shoppers turn to smaller food brands, cutting into Unilever, P&G profits",Procter & Gamble,relevant
7486767,See the banned Christina Hendricks P&G ad,Procter & Gamble,irrelevant
7521281,P&G Ventures Teams With The Riveter To Host Open For Business: Women Building The Future,Procter & Gamble,irrelevant
7462070,Cramer: Here's why it's a remarkable quarter for Procter & Gamble and DuPont,Procter & Gamble,relevant
7530200,Is Procter & Gamble Stock Appropriately Priced At $160?,Procter & Gamble,irrelevant
7486408,P&G files to trademark some millennial phrases,Procter & Gamble,irrelevant
2707065,$17.6 billion Zscaler earnings blast past Wall Street expectations – here's why the CEO thinks it can be the Salesforce of cybersecurity by serving the new remote workforce,Salesforce,irrelevant
2727571,"Salesforce delivers, Wall Street doubts as stock falls 6.3% post-earnings",Salesforce,relevant
2703135,"Stocks making the biggest moves in the premarket: Dick's Sporting Goods, Apple, Salesforce & more",Salesforce,irrelevant
2703809,I Went Inside Salesforce’s ‘First-Ever’ Summit On Prioritizing Inclusive AI,Salesforce,irrelevant
2629171,"Salesforce aims to expand its developer ecosystem, fund enterprise cloud creators",Salesforce,relevant
2739564,Salesforce Sees A Fresh Round Of Layoffs,Salesforce,relevant
2718779,This former Salesforce exec joined $6.8 billion Automation Anywhere to take the 'day-to-day drudgery' out of work,Salesforce,irrelevant
2629029,Salesforce to Use Amazon’s Cloud to Expand in Canada and Australia,Salesforce,relevant
2671242,Midday open thread: Battery storage costs plummet; 50 women sue Salesforce over sex trafficking,Salesforce,relevant
2745321,‘Do That Right Now’: Salesforce CEO Demands Commitment To ‘Net Zero’ Emissions At Davos Conference,Salesforce,irrelevant
9276031,Starbucks Hit With Boycott After Pledging to Hire Refugees,Starbucks,relevant
1780069,"Second Starbucks location in Mesa, Arizona, votes to unionize",Starbucks,relevant
9524246,"Starbucks Violated Labor Law in Buffalo Union Drive, Judge Rules",Starbucks,relevant
1808691,Your Starbucks Order Will Reveal Which Netflix Rom-Com Protagonist You Are,Starbucks,irrelevant
1669406,Police: Suspect in Starbucks robberies arrested in East Side field,Starbucks,irrelevant
9263812,"UPDATE 1-Starbucks' departing chairman backs China prospects, hints...",Starbucks,relevant
1649571,One trader just made a big bet on more pain for Starbucks,Starbucks,irrelevant
9091228,"Starbucks partners with Spotify to boost loyalty membership, replace CDs",Starbucks,relevant
9341092,Hidden Camera in Starbucks Restroom Prompts Investigation,Starbucks,irrelevant
9297189,5-year-old finds camera in Starbucks bathroom,Starbucks,irrelevant
5650101,I Just Drove 8 Hours on Tesla's Autopilot and Lived to Tell,"Tesla, Inc.",irrelevant
5877196,Tesla’s Musk Is Overpromising Again On Self-Driving Cars,"Tesla, Inc.",irrelevant
5930076,"April Fool's Day jokes that backfired: Tesla, Google, Hooters","Tesla, Inc.",irrelevant
5929727,Vandalism at Michigan Tesla manufacturing site under investigation,"Tesla, Inc.",irrelevant
5889608,Elon Musk whacks traffic pylon in Tesla Cybertruck,"Tesla, Inc.",irrelevant
5400530,"Stock Movers: Tesla, IBM, Quantum Computing","Tesla, Inc.",irrelevant
5688218,This Tesla didn't crash. But it did catch fire,"Tesla, Inc.",irrelevant
5944298,3 retail investors explain why they're sticking with Tesla after its $800 billion wipeout,"Tesla, Inc.",irrelevant
5634770,Elon Musk shares the epic last photo of 'Starman' in the red Tesla he shot into space,"Tesla, Inc.",irrelevant
5766182,Cramer says Tesla CEO Elon Musk should go on medical leave — 'I'm worried about the guy',"Tesla, Inc.",irrelevant
6402643,"Uber drivers, riders can now text in-app",Uber,irrelevant
6614772,"Uber, Goodwill pair up for free donation service",Uber,irrelevant
6189123,"Why Does Anyone Need to Own a Car? Google, Apple and Uber Are Asking",Uber,irrelevant
6696307,"Uber, Lyft drivers plan to strike in more than a dozen major cities",Uber,relevant
6722751,The Creature From Uber Island,Uber,irrelevant
6763033,Uber faces UK tax challenge,Uber,relevant
6664776,"Uber Faces Legal Challenges In France, South Korea And Germany",Uber,relevant
6117758,Robot Cars Won't Rescue Uber From Its Clash With Drivers,Uber,irrelevant
6453417,Cities With Uber Have Lower Rates Of Ambulance Usage,Uber,irrelevant
6109046,Uber plans to let customers book helicopter rides through its app,Uber,irrelevant
7952030,UnitedHealth suspends efforts to sell Brazilian unit,UnitedHealth Group,relevant
7933839,"DA says 40 UnitedHealthcare execs got bodyguards, and one dyed her hair after Luigi Mangione killed CEO Brian Thompson",UnitedHealth Group,relevant
7898083,"UnitedHealth earnings rise 6%, top Wall St. expectations",UnitedHealth Group,relevant
7949595,UnitedHealth Group Inc. Investors: Class action lawsuit filed on behalf of investors; the Portnoy Law Firm,UnitedHealth Group,relevant
7934243,UnitedHealth Group spent $1.6 million on executive security last year,UnitedHealth Group,irrelevant
7934048,UnitedHealth sees a longtime bull throw in the towel after stock’s plunge,UnitedHealth Group,irrelevant
7906993,UnitedHealth Medicare plan must cover U.S. sex reassignment surgery,UnitedHealth Group,relevant
7928410,UnitedHealthcare increases housing investments,UnitedHealth Group,relevant
7901613,"UnitedHealth Group to hire 1,700 in Twin Cities",UnitedHealth Group,irrelevant
7922028,UnitedHealth Group buys into hearing aid benefits,UnitedHealth Group,relevant
8325658,Nigerian 'unicorn' Interswitch sells stake to Visa,Visa Inc.,relevant
8045560,US will suspend fast processing for H-1B visas,Visa Inc.,irrelevant
776847,Attorney: Iranian infant needs visa waiver for heart surgery,Visa Inc.,irrelevant
8331418,Trump-promoted propaganda outlet tried to get US visa for corrupt Ukrainian before he was arrested for corruption,Visa Inc.,irrelevant
743201,H-1B visa program: Time to expand it (Opinion),Visa Inc.,irrelevant
968856,EXCLUSIVE: DHS Refuses To Investigate Top Official Who Fast-Tracked Visas For Hillary’s Brother,Visa Inc.,irrelevant
8400342,Africans can now travel across more than half of the continent without getting visas beforehand,Visa Inc.,irrelevant
7950996,Visa windfall gives European banks Q2 boost,Visa Inc.,irrelevant
8352317,University of Colorado confirms reinstatement of student visas after White House reversal,Visa Inc.,irrelevant
8308080,"Russia denies visas to two U.S. senators, amid G7 tensions",Visa Inc.,irrelevant
496551,What Do Consumers Buy The Most At Walmart? The Answer May Surprise You,Walmart,irrelevant
6674040,"Walmart to pay $16 billion for control of India's Flipkart, shares...",Walmart,relevant
17500,Walmart is selling $160 wireless earbuds with a 'super convenient' touch screen case for just $28,Walmart,irrelevant
378562,Video: Walmart greeter with cerebral palsy accepts new position amid store changes,Walmart,irrelevant
304783,18-year-old faces multiple charges after hurling racial slurs inside Walmart,Walmart,irrelevant
381291,"Walmart deploys 17,000 Oculus Go headsets to train its employees",Walmart,relevant
106101,"Christmas Eve Hours For Walmart, Target, Kohl’s, Best Buy And Other Stores Open Late",Walmart,irrelevant
114492,Earnings Scorecard: Wal-Mart Q4 2016 Enjoyed Its Best Quarter In 4 Years,Walmart,relevant
199370,Walmart is making its own meal kits in some stores,Walmart,irrelevant
355292,Save Big on Vizio 4K TVs Ahead of Black Friday at Walmart,Walmart,irrelevant
2885048,"LGBTQ+ community needs partnership from Disney, not empty gestures",Walt Disney Company (The),irrelevant
2885097,Comcast And The Walt Disney Company Announce Content Carriage Agreement,Walt Disney Company (The),relevant
2884972,Controversial Walt Disney Animatronic Debuts to Mixed Reviews: 'Why Does His Face Look Like That?',Walt Disney Company (The),irrelevant
2885232,Hollywood is skeptical that Disney CEO Bob Iger will step down in 2026 as successor search continues,Walt Disney Company (The),relevant
2885250,Hyundai Reveals IONIQ 5 Disney100 Platinum Concept at New York Auto Show,Walt Disney Company (The),irrelevant
2885294,"Marvel Delays 'Deadpool 3,' 'Captain America 4' and 'Thunderbolts' in Post-Strike Disney Release Shake-Up",Walt Disney Company (The),relevant
2885082,Walt Disney Company (DIS) Annual 10-K Report,Walt Disney Company (The),relevant
2885150,"Disneyland requires non-union employees to get vaccinated, starts discussions with unions",Walt Disney Company (The),relevant
2885124,"Anaheim living wage ordinance doesn't apply to Disneyland workers, judge rules",Walt Disney Company (The),relevant
2884886,Petition Aims to Silence Trump Animatronic Figure at Disney World,Walt Disney Company (The),irrelevant
8318869,Did Wells Fargo exploit workers who exploited customers?,Wells Fargo,relevant
8491719,"Wells Fargo executives, board must face lawsuit over fake accounts,...",Wells Fargo,relevant
8509304,Wells Fargo agrees to pay $385M to settle car loan lawsuit,Wells Fargo,relevant
8292405,"Wells Fargo lowers targets for returns on equity, assets",Wells Fargo,relevant
8447983,"AT&T, Comcast, Wells Fargo promise bonuses or pay hikes once tax cut bill passes",Wells Fargo,irrelevant
8428683,Lawsuit: Wells Fargo Put Family in Victim Protection at Risk,Wells Fargo,irrelevant
8322694,Wells Fargo sales scandal points to industry-wide problem,Wells Fargo,irrelevant
8362998,Wells Fargo Found Liable In Abusive Tax Shelter Scheme,Wells Fargo,relevant
8618336,"Wells Fargo Championship Live Odds, How To Watch In US For May 8",Wells Fargo,irrelevant
8324288,Wells Fargo CEO is getting only seconds to speak,Wells Fargo,relevant
6172882,Jamie Dimon blames media for accepting DC gridlock: Is that true?,JPMorgan Chase,irrelevant
12008308,Broadcom MASTERS Announces the Top 300 Middle School Innovators in National STEM Competition,Broadcom,irrelevant
7382930,Housing recovery drives Home Depot sales beat,Home Depot (The),relevant
9697205,"Top iOS news of the week: No watch band battery, Lots of gold, Apple Watch 2 is coming",Apple Inc.,irrelevant
11856788,Why FedEx Earnings Are a Big Problem for the Entire Stock Market,FedEx,relevant
7383222,"Hurricane Irma: Home Depot, Lowe's prepare for second major storm",Home Depot (The),irrelevant
7382944,"Woman With Concealed-Carry License Shoots at Home Depot Shoplifters, May Not Face Charges",Home Depot (The),irrelevant
5694458,"Tesla likely faces 'a few rough quarters' from end of US EV support, Musk says","Tesla, Inc.",irrelevant
4592478,TV News Roundup: Netflix Drops 'Queer Eye' Season 4 Trailer (Watch),Netflix,irrelevant
411199,Fourth of July getaways: Airbnb says travelers are searching these destinations the most,Airbnb,irrelevant
3650255,Nvidia posts six glorious minutes of Doom action to show off new graphics,Nvidia,irrelevant
5612725,A female employee reportedly called Tesla's factory a 'predator zone' at a meeting where some workers described sexual harassment,"Tesla, Inc.",irrelevant
5983353,"Tesla excludes steering component from some EVs due to chip shortage, report says","Tesla, Inc.",irrelevant
8966234,Catalent plant in Italy will help produce J&J's potential COVID-19 vaccine: minister,Johnson & Johnson,irrelevant
11848216,"COVID-19 vaccine distribution: FedEx, UPS to 'split country into two'",FedEx,irrelevant
5464094,Tesla improves Summon feature with more safety,"Tesla, Inc.",irrelevant
5539874,FDA Approves Pfizer's Leukemia Drug,Pfizer,relevant
498283,117-year-old Michigan chapel transformed into Airbnb gem,Airbnb,irrelevant
3710586,Why Nvidia Still Looks Like A Bargain At A $4 Trillion Market Cap,Nvidia,irrelevant
8668583,Wells Fargo Unusual Options Activity For April 10,Wells Fargo,irrelevant
11729809,Warren Buffett's Berkshire Hathaway takes a sip of the crypto 'rat poison' he once said he would never go near,Berkshire Hathaway,irrelevant
657926,"An H1-B Visa Will Soon Cost $100,000 Because Of Trump, Report Says",Visa Inc.,irrelevant
4623475,Nike Air Max 95 x Levi's shoes launching in black and white colorways soon,"Nike, Inc.",irrelevant
2989861,Miscue calls attention to Amazon's dominance in cloud computing,Amazon,irrelevant
7383242,"The New York City Attack Suspect Drove a Home Depot Truck, Witnesses Say",Home Depot (The),irrelevant
2010841,Ford announces $1 billiom investment in Argo AI self-driving tech,Ford Motor Company,relevant
11760102,Berkshire Hathaway Class A Shares Have Become More Actively Traded. Why That's Important.,Berkshire Hathaway,irrelevant
10587558,Apple supplier LG Display slashes investment plans as losses mount,Apple Inc.,irrelevant
5436466,"Tesla To Deliver Model X: ""Three To Four Months"" [Video]","Tesla, Inc.",irrelevant
5670212,NTSB opens an investigation into Tesla crash in Florida,"Tesla, Inc.",relevant
3634012,China says preliminary probe shows Nvidia violated anti-monopoly law,Nvidia,relevant
8687468,Mastercard filed 15 crypto and metaverse-related trademark applications. Here's a look at what the company may have in the works,Mastercard,irrelevant
2885160,Donald Duck Appears on a Custom Episode of Hot Ones as The Walt Disney Company Continues Celebrating 90 Years of the Iconic Duck,Walt Disney Company (The),irrelevant
5778455,"Tesla Motors: Surprise, Surprise?","Tesla, Inc.",irrelevant
4934632,Facebook Does Something Right for a Change,Meta Platforms,irrelevant
4708248,"Luka Doncic Los Angeles Lakers Nike Swingman Jersey, How To Buy","Nike, Inc.",irrelevant
3348020,"""Working Man"" the bull set to thrill at PBR weekend in AT&T Stadium",AT&T,irrelevant
410878,Airbnb forbids hosts to mention COVID-19 status in listings,Airbnb,irrelevant
4590917,Nike will run a Colin Kaepernick ad during the NFL season opener,"Nike, Inc.",irrelevant
5694234,Tesla's Musk Takes Page From PayPal With Referral Incentive,"Tesla, Inc.",irrelevant
773006,"Immigration Reform 2017: Trump To Restrict Refugee Access, Block Visas For Syria, 6 Other Countries Despite Potential Discrimination",Visa Inc.,irrelevant
3465261,"In AT&T's WarnerMedia spinoff, a Hollywood outsider again learns a tough lesson",AT&T,relevant
3093652,"Time Warner Rising: This Deal Gets Done, Says Pivotal",AT&T,irrelevant
8975452,Johnson & Johnson says COVID vaccine was 66% effective in Phase 3 trial,Johnson & Johnson,relevant
5778632,Apple: Prospect They'd Challenge Tesla Has Street Licking its Chops,"Tesla, Inc.",irrelevant
5986133,Tesla faces another U.S. investigation: Unexpected braking,"Tesla, Inc.",relevant
7492876,What Can An Activist Do For P&G?,Procter & Gamble,irrelevant
8737653,Mastercard At $400 - Assessing The Potential For A Resurgence To Propel The Financial Titan To Unprecedented Heights,Mastercard,irrelevant
5553072,"Tesla shares at record high amid Model Y peek, ahead of Model 3 production","Tesla, Inc.",irrelevant
11741677,McIlroy may skip first leg of FedExCup Playoffs,FedEx,irrelevant
11903572,Here come the price hikes: Nike reportedly is increasing prices by up to 7%.,"Nike, Inc.",irrelevant
11649493,Lionel Messi on Argentina roster for friendly vs. El Salvador at FedEx Field,FedEx,irrelevant
3203134,New $50 Echo Dot: Adding Amazon's Alexa to your home just got a lot cheaper,Amazon,irrelevant
6632976,Walmart's Asda recovery strengthens ahead of Sainsbury's deal,Walmart,relevant
3492714,Amazon's July 16 Prime Day will spill over into second day,Amazon,irrelevant
9512888,'That kinda defeats the entire purpose of the reusable cup': Starbucks barista throws away plastic cup after customer brought his own reusable cup,Starbucks,irrelevant
4920517,Facebook Tests Bill-Splitting Feature In Messenger,Meta Platforms,irrelevant
4928488,"Mark Zuckerberg's PR Team Couldn't Stop Him From Posting: 'My Spine Has Been Surgically Removed,' Said Former Facebook Exec",Meta Platforms,irrelevant
5943979,Pfizer Stock Needs a Booster to Clear Resistance on the Chart,Pfizer,irrelevant
11765579,Bono And U2 Gives Shout-Out To Scalise At FedEx Field Concert,FedEx,irrelevant
11125250,Wal-Mart takes on Amazon's Prime Day with online sale,Amazon,irrelevant
5877862,"Widow of Davie Tesla crash victim sues, blaming door failure","Tesla, Inc.",irrelevant
7383611,"Whacked with a 4x4: Menards, Home Depot face lawsuits over descriptions of lumber size",Home Depot (The),irrelevant
11739126,"Borsheims, other retailers try their best to replicate Berkshire weekend online",Berkshire Hathaway,irrelevant
2681573,"Top executives from Frito-Lay, BMW, and Deloitte at Salesforce's Dreamforce conference shared the 9 books that shaped their success",Salesforce,irrelevant
9353454,Apple's ResearchKit wants to change traditional medical research — Negative reax to Burgess draft bill,Apple Inc.,irrelevant
4979982,"General Motors protected from faulty ignition-switch lawsuits, judge rules",General Motors,relevant
7936760,UnitedHealth Group Names Successor For Slain UnitedHealthcare CEO Brian Thompson,UnitedHealth Group,relevant
10554720,Here are all the great new features your Apple Watch will get later this year,Apple Inc.,irrelevant
7422657,"Report: Susan Rice requested ""unmasking"" of U.S. persons in raw intel connected to Trump and associates dozens of times",Intel,irrelevant
8354871,Feds knew of 700 Wells Fargo whistleblower cases in 2010,Wells Fargo,relevant
3821696,Nvidia CEO Jensen Huang Doesn't Wear A Watch After A Gardner Taught Him The Secret Of Time,Nvidia,irrelevant
5751118,Baillie Gifford Ready To Invest More In Tesla,"Tesla, Inc.",irrelevant
7895981,"Schiff, Swalwell assert Trump, Russia influence in being booted from House Intel Committee",Intel,irrelevant
6062906,"Now that Tesla can resume business in Buffalo, when — or if — will it?","Tesla, Inc.",irrelevant
5967949,"What's Going On With Pfizer (PFE) And BioNTech (BNTX) Stock Today? - Pfizer (NYSE:PFE), BioNTech (NASDAQ:BNTX)",Pfizer,irrelevant
7309549,Mom revamps bathroom sink for only $50 using edible glitter from Walmart,Walmart,irrelevant
11697407,Warren Buffett should approve of the life lessons offered by his Twitter impersonator,Berkshire Hathaway,irrelevant
1064382,Save an extra 15% on a Dell Inspiron 5000 laptop and get a $100 Visa promo card for free,Visa Inc.,irrelevant
6334504,Trump could pick Jamie Dimon for Treasury secretary,JPMorgan Chase,irrelevant
11087155,Apple may release red versions of the iPhone XS and XS Max as early as this month,Apple Inc.,irrelevant
5933051,Elon Musk Has a Chef for His Tesla Diner,"Tesla, Inc.",irrelevant
11892867,Stocks tumble as FedEx profit warning spooks investors,FedEx,relevant
8348423,"Wells Fargo CEO Sloan receives $12.8 million, pay bump despite sales scandal",Wells Fargo,relevant
5982707,'TeslaMic' karaoke sets sell out under an hour in China,"Tesla, Inc.",irrelevant
8622647,MasterCard Launches Immediate Payment Service To Replace Checks,Mastercard,relevant
3828041,'Lost in Space' Reboot Ordered to Series by Netflix,Netflix,irrelevant
6507662,"Uber, losing $1 billion a quarter, sells its Southeast Asian business",Uber,relevant
7900508,Visa and MasterCard Are Caught in China's New Spending Curbs,Visa Inc.,irrelevant
2031789,Why Ford Motor's Stock Is Trading Lower Today,Ford Motor Company,irrelevant
7898239,"Frank Mascia, former UnitedHealthcare (NYSE: UNH) of North Carolina CEO, dies in plane crash",UnitedHealth Group,irrelevant
8450990,7 things to know today and Wells Fargo lays off 137 from Orlando mortgage operations,Wells Fargo,relevant
4936090,House Republicans tell Facebook to preserve any FBI communications on Hunter Biden laptop story,Meta Platforms,irrelevant
4012594,"Netflix Acquires Ed Harris, Jason Sudeikis Drama 'Kodachrome'",Netflix,irrelevant
6001523,Elon Musk says production of Tesla's Optimus humanoid robot could start next year,"Tesla, Inc.",irrelevant
5800743,"South Korea to receive 700,000 Pfizer doses from Israel in vaccine swap",Pfizer,irrelevant
4948472,Why Meta (META) Stock Is Soaring Today - Meta Platforms (NASDAQ:META),Meta Platforms,irrelevant
4934311,Facebook's Meta reports first ever revenue drop,Meta Platforms,relevant
81134,Ex-Walmart employee says he was fired after redeeming $5.10-worth of empty cans,Walmart,irrelevant
5817809,Tesla First-Quarter Earnings: What Investors Will Want To Watch For,"Tesla, Inc.",irrelevant
2975171,Amazon Has a 'Very Fast' Lenovo All-in-One Desktop Computer on Sale for 71% Off,Amazon,irrelevant
3657842,3 Must-Watch Netflix Movies You May Have Missed in Summer 2025,Netflix,irrelevant
4705938,"TV best bets with 'The Irishman' on Netflix, Dolly Parton (again!), Lindsey Vonn, Thanksgiving delights",Netflix,irrelevant
6029630,"Tesla, Apple Face Dicey Future as China Reopens Factories Amid Coronavirus","Tesla, Inc.",irrelevant
20959,Walmart's Marketplace boom: How lax vetting came with identity theft and fakes,Walmart,irrelevant
11140192,Bezos to Amazon employees: email me with workplace complaints,Amazon,irrelevant
6065805,Elon Musk gets a $770 million award as Tesla hits goals,"Tesla, Inc.",relevant
11677698,Warren Buffett sounds blunt warning on trade war,Berkshire Hathaway,irrelevant
422021,Airbnb to list on Nasdaq in $3 billion IPO fundraising,Airbnb,relevant
7734615,Intelligence Community Hits the Panic Button as Deep Staters Are Thrown out and Sidelined,Intel,irrelevant
8287845,Peru begins requesting passports and visas from Venezuelans,Visa Inc.,irrelevant
4608778,"The Cloud Episode: As Microsoft, Amazon Report, Both Reach For Big DoD Contract",Microsoft,relevant
11750751,Financial advisor Blair duQuesnay followed Warren Buffett's 'buy what you know' advice to purchase her first apartment. She used the famed investor to explain why she hasn't bought an individual stock in a decade.,Berkshire Hathaway,irrelevant
7526894,Did Procter & Gamble Just Blame Amy Schumer for the Tampon Shortage?,Procter & Gamble,irrelevant
3483301,"AT&T to Launch Ad-Supported HBO Max in June, Updates Subscriber Goal",AT&T,relevant
1829150,This victory of Starbucks employees in Buffalo will reverberate across America,Starbucks,relevant
7473504,Intel must show cloud growth to fuel restructuring,Intel,relevant
385341,Airbnb's CEO says he wants to make the app the Amazon of travel,Airbnb,irrelevant
7934164,UnitedHealth CEO steps down as insurer suspends its financial outlook,UnitedHealth Group,relevant
7471767,CalSTRS says it supports Nelson Peltz nomination to P&G board,Procter & Gamble,relevant
7602253,"Trump says he doesn't ""have to agree"" with intelligence chiefs on global threats",Intel,irrelevant
8894464,J&J seeks U.S. clearance for COVID-19 vaccine booster doses,Johnson & Johnson,relevant
1101821,Treasury fines ExxonMobil $2 million for violating Russia sanctions under Tillerson,ExxonMobil,relevant
8815535,J&J and Sientra get FDA warning letters over breast implants,Johnson & Johnson,relevant
8795437,J&J ordered to pay $4.14 billion in talc cancer case,Johnson & Johnson,relevant
7909973,BRIEF-Timothy Flynn joins UnitedHealth Group board,UnitedHealth Group,irrelevant
5973653,"Tesla Hikes Model 3, Y Prices In Canada By C$1000 After Announcing Price Increase In China","Tesla, Inc.",irrelevant
3883263,'Chasing Cameron' Review: Cameron Dallas' Netflix show is propaganda with teeth,Netflix,irrelevant
7386090,'Mentally prepare yourself to be fighting them for the next 6+ months': Customer buys plant from Home Depot. Then they wash it,Home Depot (The),irrelevant
3013036,Wall Street's $40 Billion AT&T Pledge Offers Fees and Risks,AT&T,irrelevant
5953599,Far-left claim responsibility for arson attack linked to new Tesla plant in Berlin,"Tesla, Inc.",irrelevant
11829843,FedEx makes way for National Civil Rights Museum on Denny Hamlin's Talladega car,FedEx,irrelevant
6258763,It's hard to land a bank job if you have a record. But JPMorgan Chase tells people in Chicago with criminal records: 'We're hiring.',JPMorgan Chase,irrelevant
265516,"California Airbnb Host Cancels Woman's Reservation Due to Her Race, Noting That 'It's Why We Have Trump'",Airbnb,irrelevant
5054113,General Motors pulls back from European auto market,General Motors,relevant
2616774,NFL Season Kickoff Necessities on Amazon,Amazon,irrelevant
11110996,"WWDC 2019: Apple says goodbye to iTunes, hello to iOS 13",Apple Inc.,relevant
5829495,"Tesla will restrict Autopilot mode to stop people ""doing crazy things""","Tesla, Inc.",irrelevant
4786624,How To Make An NFT Project As Popular As Nike,"Nike, Inc.",irrelevant
4244103,Microsoft Launches iMessage App 'Who's In' For Planning Events With Friends,Microsoft,irrelevant
11859931,Indianapolis FedEx shooting: Biden orders flags lowers after 8 die,FedEx,irrelevant
11661204,Nike just launched self-lacing sneakers and they're straight out of 'Back to the Future',"Nike, Inc.",irrelevant
8340862,Colorado Suspect's Uncertain Immigration Status Highlights Visa 'Overstays',Visa Inc.,irrelevant
9524228,Starbucks is dealing with a white collar rebellion as corporate workers sound off over the return-to-office mandate and alleged union busting,Starbucks,relevant
6033206,Volvo's high-performance electric-vehicle brand just revealed a sleek concept car that hints at how it will compete with established makes like Tesla,"Tesla, Inc.",irrelevant
2697480,Salesforce Gains After NYC Contact Tracing Efforts Announced,Salesforce,irrelevant
4922513,The Analyst Landscape: 43 Takes On Meta Platforms,Meta Platforms,irrelevant
5531488,Tesla Plans 3 More Gigafactories,"Tesla, Inc.",relevant
7383099,RPT-More issuers looking at 40-year bonds after Home Depot success,Home Depot (The),irrelevant
5410106,Tesla settles 2019 California crash lawsuit ahead of jury trial,"Tesla, Inc.",irrelevant
11708129,Scottie Scheffler will take being rested and ready over practice for FedEx Cup playoffs,FedEx,irrelevant
4781524,"Nike Earnings Drop, Says Turnaround Will Take Time","Nike, Inc.",relevant
7386432,Artificial Christmas trees: Save big on faux trees at The Home Depot,Home Depot (The),irrelevant
3760634,"Stock Movers: Nvidia, Tesla, Boeing",Nvidia,irrelevant
11659925,Buffett's pay rises; Berkshire urges rejection of shareholder proposals,Berkshire Hathaway,relevant
6346638,Virgin Islands attorney general sues JPMorgan Chase over banking services for Jeffrey Epstein,JPMorgan Chase,relevant
3867424,Nvidia and AMD Analysts Upbeat but With a Caveat,Nvidia,irrelevant
314304,"San Antonio wrestles with regulating Airbnb, HomeAway rentals",Airbnb,irrelevant
8413010,"China asks low-risk coronavirus areas to resume visa, passport services",Visa Inc.,irrelevant
6130081,Jamie Dimon: I've 'become unnecessary' on quarterly calls,JPMorgan Chase,irrelevant
11796260,Why college football programs can't ditch Nike in wake of Colin Kaepernick ad campaign,"Nike, Inc.",irrelevant
11708811,'Thank Q': FedEx airlifts barbecue to Irma victims in Florida Keys,FedEx,irrelevant
452510,Weekend reads: Hot IPOs for DoorDash and Airbnb point to an overheated stock market,Airbnb,irrelevant
4910473,Instagram is introducing teen accounts with new safety features in India,Meta Platforms,irrelevant
6338051,JPMorgan: 2 Reasons Why Crypto Deleveraging Will End Soon,JPMorgan Chase,irrelevant
2885011,Disney CEO Bob Iger Has Lessons On Fostering Creativity — And Acquiring It,Walt Disney Company (The),irrelevant
5679994,Tesla shareholders strike down proposals to remove Musk as chairman and shake up board,"Tesla, Inc.",relevant
8580136,We favor US stocks over non-US stocks: Wells Fargo,Wells Fargo,irrelevant
7903772,UnitedHealth CEO says may exit Obamacare health plan business,UnitedHealth Group,relevant
6368327,"'The consumer is fine,' says a key JPMorgan exec",JPMorgan Chase,irrelevant
1493515,Voyeur arrested at Starbucks: Beachwood Police Blotter,Starbucks,irrelevant
7937462,"What We Know About Luigi Mangione: Suspected UnitedHealthcare Shooter Found With 'Written Admissions,' Police Say",UnitedHealth Group,irrelevant
7423263,Exxon Mobil CEO Rex Tillerson will be Trump's Secretary of State,ExxonMobil,relevant
5632281,The F.D.A. authorizes Pfizer-BioNTech boosters for 16- and 17-year-olds.,Pfizer,relevant
11239225,For All Mankind Launches Apple TV+ With a Very Different Version of the Space Race,Apple Inc.,irrelevant
4939641,Facebook parent Meta cuts 13% of workforce,Meta Platforms,relevant
2980387,Amazon Sales: One-Day Discount Code Announced As 'Thank You' To Customers,Amazon,irrelevant
6454029,Uber may face stricter regulations in E.U. because it's a taxi se...,Uber,relevant
8519082,Biden to let Trump's H1-B visa ban expire in win for tech companies,Visa Inc.,irrelevant
5476184,Even The Tesla Charging Plug Has An Easter Egg Now,"Tesla, Inc.",irrelevant
4166130,"Microsoft Touts Smaller, Faster Xbox One Game Consoles at E3",Microsoft,irrelevant
4515970,"Syracuse AD John Wildhack talks Carrier Dome renovations, possibility of leaving Nike","Nike, Inc.",irrelevant
8660719,MasterCard will approve purchases by scanning your face,Mastercard,relevant
2008660,"Ford names Jim Hackett CEO, replacing Mark Fields, amid management shake-up",Ford Motor Company,relevant
3169686,AT&T Win Likely To Usher In Era Of Media Megamergers,AT&T,relevant
10173850,"Apple to unveil new iPhone today, may test fans' love with $1,000 version",Apple Inc.,relevant
6513550,"Uber CEO Dara Khosrowshahi talks flying cars, deadly self-driving SUV crash",Uber,irrelevant
5584894,"Pfizer, Arvinas Breast Cancer Drug Cuts Progression Risk, Seeks FDA Approval - Arvinas (NASDAQ:ARVN), Pfizer (NYSE:PFE)",Pfizer,relevant
5793180,"Elon Musk says Tesla will pay you $1,000 to get someone else to buy a Tesla","Tesla, Inc.",irrelevant
5865489,Tesla Missed Q1 Delivery Target by 10%,"Tesla, Inc.",relevant
11984825,"Broadcom Stock, DoorDash Are Mutual Fund Darlings And Ready For Action",Broadcom,irrelevant
2036794,Ford To Rally Around 33%? Here Are 10 Other Analyst Forecasts For Tuesday,Ford Motor Company,irrelevant
7449970,"BP, ExxonMobil Provide A Contrast In Energy Transition Strategies",ExxonMobil,irrelevant
4286025,Microsoft could end Paint program in next version of Windows,Microsoft,irrelevant
10233437,Tech-Savvy Thieves Can Easily Reset Apple Watches as Their Own,Apple Inc.,irrelevant
2718250,Covid updates: Salesforce says most workers will work from home at least part time after pandemic,Salesforce,irrelevant
11987932,"Broadcom's VMware says Siemens pirated ""thousands"" of copies of its software",Broadcom,relevant
6093237,The MINI Cooper Electric beats the Tesla Model 3 on just one point — but it's a crucial one,"Tesla, Inc.",irrelevant
7174260,"Nightfood Ice Cream Preparing For Walmart Launch, Appoints Industry Veteran Jerry Isaacson Chief Financial Officer",Walmart,irrelevant
7402732,Texas's AG Pushes Back on the 'Green 20' Coalition's Anti-ExxonMobil Subpoenas,ExxonMobil,relevant
